02186.jpg,A
01873.jpg,A
02775.jpg,A
05363.jpg,B
06965.jpg,A
05128.jpg,A
02750.jpg,C
06561.jpg,B
04924.jpg,B
03644.jpg,C
00088.jpg,B
01483.jpg,A
03548.jpg,C
03465.jpg,C
06382.jpg,A
07368.jpg,B
06095.jpg,C
00540.jpg,A
07823.jpg,C
06594.jpg,C
06251.jpg,C
01524.jpg,A
02646.jpg,A
05928.jpg,A
02237.jpg,A
01993.jpg,C
07761.jpg,C
01991.jpg,A
07371.jpg,B
07959.jpg,B
04331.jpg,B
01273.jpg,C
06109.jpg,B
01064.jpg,B
00083.jpg,A
00890.jpg,B
04405.jpg,B
07524.jpg,B
06179.jpg,A
04637.jpg,B
00258.jpg,B
06057.jpg,A
04196.jpg,A
07971.jpg,C
03000.jpg,B
04086.jpg,A
03953.jpg,B
05442.jpg,B
06655.jpg,B
04936.jpg,A
02915.jpg,B
06268.jpg,A
02112.jpg,C
00530.jpg,B
03913.jpg,B
00814.jpg,B
03279.jpg,B
03694.jpg,B
04507.jpg,A
06533.jpg,A
01652.jpg,B
00797.jpg,B
03866.jpg,A
00237.jpg,A
01015.jpg,A
06028.jpg,A
04530.jpg,A
06163.jpg,A
05112.jpg,B
03730.jpg,C
01107.jpg,A
04118.jpg,C
07994.jpg,A
02250.jpg,A
04856.jpg,B
04541.jpg,B
03027.jpg,C
04418.jpg,A
04226.jpg,A
01775.jpg,B
02845.jpg,C
03258.jpg,A
02329.jpg,B
03663.jpg,A
04174.jpg,C
03531.jpg,C
02645.jpg,A
04641.jpg,A
03530.jpg,B
02212.jpg,A
01277.jpg,A
07136.jpg,B
00631.jpg,A
01973.jpg,C
07080.jpg,C
05243.jpg,B
00257.jpg,A
00430.jpg,A
00981.jpg,C
07355.jpg,A
04363.jpg,A
00725.jpg,B
01505.jpg,C
07176.jpg,B
01020.jpg,A
05908.jpg,C
03422.jpg,B
05334.jpg,B
07842.jpg,C
02173.jpg,A
00314.jpg,A
02727.jpg,A
02507.jpg,B
05817.jpg,A
06986.jpg,A
00016.jpg,A
06821.jpg,A
02506.jpg,B
03413.jpg,B
02720.jpg,A
04622.jpg,B
06961.jpg,B
06158.jpg,A
06355.jpg,B
05304.jpg,C
03018.jpg,A
05454.jpg,C
05507.jpg,A
03864.jpg,A
03155.jpg,A
02067.jpg,B
03632.jpg,B
04940.jpg,B
02771.jpg,A
01498.jpg,C
03242.jpg,A
02271.jpg,C
05991.jpg,C
03749.jpg,A
01679.jpg,B
07127.jpg,A
06789.jpg,B
04868.jpg,C
07576.jpg,B
01450.jpg,B
00496.jpg,C
04591.jpg,B
00293.jpg,B
04312.jpg,A
00168.jpg,A
06345.jpg,B
07944.jpg,A
04993.jpg,C
05636.jpg,B
06702.jpg,C
07335.jpg,B
02539.jpg,A
02091.jpg,A
07134.jpg,A
04584.jpg,B
02452.jpg,C
01635.jpg,A
04755.jpg,A
07006.jpg,C
07132.jpg,B
01535.jpg,B
01102.jpg,A
01859.jpg,C
04628.jpg,C
02028.jpg,A
06385.jpg,B
04942.jpg,B
04155.jpg,A
02846.jpg,B
00740.jpg,B
06107.jpg,B
06102.jpg,B
00605.jpg,A
02505.jpg,A
04042.jpg,B
01565.jpg,B
01003.jpg,B
07017.jpg,A
04985.jpg,B
02373.jpg,B
02501.jpg,C
00524.jpg,C
03347.jpg,A
06856.jpg,A
03797.jpg,C
05082.jpg,A
01944.jpg,C
00182.jpg,A
07808.jpg,A
01115.jpg,C
04798.jpg,C
03540.jpg,A
04556.jpg,A
03546.jpg,C
00821.jpg,A
05753.jpg,B
03419.jpg,B
04335.jpg,B
04157.jpg,B
03058.jpg,A
05658.jpg,B
01088.jpg,A
00847.jpg,B
00438.jpg,B
06645.jpg,B
01531.jpg,C
04466.jpg,A
04186.jpg,B
05839.jpg,C
05398.jpg,B
03366.jpg,B
02278.jpg,A
00207.jpg,B
01822.jpg,B
04193.jpg,B
03122.jpg,B
04403.jpg,B
01660.jpg,C
03359.jpg,A
07454.jpg,C
07662.jpg,B
05182.jpg,B
07433.jpg,C
01218.jpg,A
00114.jpg,A
05189.jpg,B
03063.jpg,A
00138.jpg,A
03355.jpg,C
06523.jpg,A
05196.jpg,B
00095.jpg,C
02019.jpg,C
06550.jpg,B
06524.jpg,B
03073.jpg,C
04954.jpg,B
07079.jpg,B
03981.jpg,B
06030.jpg,B
06581.jpg,B
06689.jpg,B
07776.jpg,C
06637.jpg,A
00035.jpg,B
05235.jpg,C
03483.jpg,C
02680.jpg,B
05234.jpg,B
05737.jpg,C
02011.jpg,B
07717.jpg,C
05047.jpg,B
01135.jpg,B
04374.jpg,B
05490.jpg,B
04892.jpg,B
06514.jpg,C
03429.jpg,B
02658.jpg,A
07743.jpg,A
06265.jpg,A
02175.jpg,B
01980.jpg,B
01858.jpg,C
05655.jpg,A
06020.jpg,B
03851.jpg,B
05016.jpg,B
04475.jpg,B
04494.jpg,A
04492.jpg,C
01656.jpg,A
04903.jpg,A
05096.jpg,B
00534.jpg,A
03053.jpg,A
07693.jpg,C
04967.jpg,C
05142.jpg,B
06329.jpg,A
01235.jpg,B
05327.jpg,B
00565.jpg,C
06580.jpg,C
05664.jpg,A
03186.jpg,A
00405.jpg,B
05620.jpg,C
06575.jpg,B
07022.jpg,C
03648.jpg,A
00592.jpg,B
04851.jpg,B
03086.jpg,C
02562.jpg,C
02854.jpg,A
07020.jpg,B
03770.jpg,A
01208.jpg,C
05880.jpg,B
06640.jpg,C
05883.jpg,A
06313.jpg,C
07992.jpg,A
06989.jpg,A
01621.jpg,B
02979.jpg,C
02941.jpg,B
03508.jpg,C
00803.jpg,C
04326.jpg,B
02126.jpg,C
01694.jpg,A
05977.jpg,B
05966.jpg,C
03370.jpg,A
05308.jpg,A
01620.jpg,B
02078.jpg,B
07666.jpg,B
04240.jpg,B
03719.jpg,C
01228.jpg,C
03980.jpg,A
06157.jpg,B
07592.jpg,B
06583.jpg,B
03943.jpg,A
03132.jpg,A
00720.jpg,B
02740.jpg,C
06432.jpg,C
02820.jpg,A
00512.jpg,C
00066.jpg,A
03520.jpg,A
05070.jpg,C
01482.jpg,C
01076.jpg,C
06923.jpg,A
04625.jpg,C
03111.jpg,B
05383.jpg,A
01573.jpg,B
04555.jpg,C
06512.jpg,A
01294.jpg,B
03747.jpg,C
07288.jpg,B
02252.jpg,C
01311.jpg,B
07918.jpg,A
04172.jpg,A
02774.jpg,B
06262.jpg,B
01589.jpg,A
01698.jpg,A
03758.jpg,B
05124.jpg,B
04721.jpg,A
04785.jpg,C
07671.jpg,A
06110.jpg,A
03793.jpg,C
06831.jpg,C
06383.jpg,C
04877.jpg,A
01398.jpg,A
07410.jpg,C
06371.jpg,B
04275.jpg,A
01316.jpg,A
04686.jpg,B
02187.jpg,B
06447.jpg,B
05500.jpg,A
02068.jpg,C
01061.jpg,B
02381.jpg,A
07211.jpg,A
06903.jpg,A
05366.jpg,A
06445.jpg,B
01562.jpg,A
04973.jpg,A
02512.jpg,B
06819.jpg,A
05766.jpg,C
02331.jpg,B
06054.jpg,B
04128.jpg,B
04025.jpg,A
03164.jpg,A
06408.jpg,C
02556.jpg,A
01671.jpg,B
02246.jpg,C
03633.jpg,C
06498.jpg,C
01108.jpg,A
07726.jpg,A
06178.jpg,A
01862.jpg,B
01069.jpg,A
00334.jpg,A
06843.jpg,A
00434.jpg,C
07569.jpg,B
03221.jpg,A
05006.jpg,B
03537.jpg,C
06347.jpg,C
05918.jpg,C
02946.jpg,B
07793.jpg,A
02263.jpg,B
01942.jpg,A
01339.jpg,A
01738.jpg,A
02312.jpg,A
02618.jpg,B
06101.jpg,A
06569.jpg,A
00690.jpg,A
06841.jpg,B
01259.jpg,C
05739.jpg,C
06220.jpg,C
02847.jpg,A
02213.jpg,C
06709.jpg,C
01172.jpg,A
04310.jpg,C
05208.jpg,C
04786.jpg,B
01477.jpg,C
07991.jpg,C
06671.jpg,A
02529.jpg,A
07075.jpg,C
01251.jpg,C
03756.jpg,C
04163.jpg,A
06047.jpg,A
04442.jpg,C
01175.jpg,B
00303.jpg,B
06130.jpg,A
07048.jpg,A
03718.jpg,C
02746.jpg,A
01956.jpg,A
07607.jpg,C
05351.jpg,B
05637.jpg,B
00499.jpg,B
04248.jpg,A
04302.jpg,B
06790.jpg,B
06705.jpg,B
01779.jpg,A
04710.jpg,A
05017.jpg,B
00327.jpg,B
06336.jpg,A
02957.jpg,B
01158.jpg,C
03703.jpg,A
03271.jpg,A
03365.jpg,B
01895.jpg,B
01448.jpg,C
01653.jpg,A
02571.jpg,B
02398.jpg,C
05651.jpg,B
02883.jpg,C
00469.jpg,A
04589.jpg,B
05199.jpg,B
01963.jpg,B
04264.jpg,C
02089.jpg,B
01444.jpg,B
07423.jpg,C
01623.jpg,B
02298.jpg,A
00339.jpg,A
03575.jpg,A
03689.jpg,A
02920.jpg,A
05510.jpg,C
01090.jpg,B
00850.jpg,A
03107.jpg,B
06567.jpg,B
07837.jpg,B
03353.jpg,C
03123.jpg,A
05355.jpg,B
03357.jpg,A
03961.jpg,B
04826.jpg,C
05211.jpg,B
06793.jpg,B
00501.jpg,A
03254.jpg,A
03012.jpg,C
00612.jpg,A
00383.jpg,C
03398.jpg,A
01673.jpg,A
02044.jpg,A
05628.jpg,C
04871.jpg,A
00835.jpg,B
01877.jpg,B
07169.jpg,A
00987.jpg,A
03030.jpg,C
04036.jpg,A
03880.jpg,B
07431.jpg,B
02885.jpg,A
07213.jpg,A
04834.jpg,B
05521.jpg,A
06443.jpg,A
05194.jpg,B
05672.jpg,A
02254.jpg,A
04658.jpg,C
04696.jpg,A
04365.jpg,A
06452.jpg,A
00505.jpg,B
04145.jpg,C
06619.jpg,A
01439.jpg,A
00173.jpg,A
06208.jpg,B
03052.jpg,A
01134.jpg,B
00862.jpg,A
04338.jpg,B
01184.jpg,C
04389.jpg,B
01188.jpg,A
02073.jpg,A
05061.jpg,A
01219.jpg,B
01092.jpg,B
03495.jpg,C
02521.jpg,C
06909.jpg,C
07610.jpg,A
05720.jpg,A
01805.jpg,B
00185.jpg,B
02040.jpg,A
06681.jpg,C
00332.jpg,B
07425.jpg,A
04807.jpg,B
00408.jpg,C
07061.jpg,B
05832.jpg,A
05709.jpg,A
05997.jpg,B
07362.jpg,A
07605.jpg,A
05712.jpg,C
07314.jpg,C
07376.jpg,B
00804.jpg,B
07209.jpg,B
05694.jpg,C
05184.jpg,A
05932.jpg,C
02337.jpg,A
03306.jpg,A
01512.jpg,B
07714.jpg,C
02016.jpg,B
07652.jpg,C
03410.jpg,B
00387.jpg,B
07856.jpg,B
01111.jpg,C
01567.jpg,C
01806.jpg,B
07135.jpg,A
07383.jpg,B
05705.jpg,C
05236.jpg,B
05549.jpg,B
04207.jpg,A
07912.jpg,A
04893.jpg,A
06144.jpg,A
00155.jpg,C
06467.jpg,A
03480.jpg,A
07514.jpg,A
06272.jpg,C
04285.jpg,A
04532.jpg,B
01049.jpg,A
03745.jpg,B
00971.jpg,B
05319.jpg,C
03900.jpg,B
06235.jpg,B
03544.jpg,C
07889.jpg,A
01123.jpg,A
06546.jpg,A
06967.jpg,C
05090.jpg,A
01615.jpg,B
04243.jpg,A
04375.jpg,C
04821.jpg,B
03350.jpg,B
07972.jpg,A
04435.jpg,C
02706.jpg,C
00684.jpg,A
04886.jpg,A
05055.jpg,C
01776.jpg,A
07832.jpg,A
01169.jpg,A
03976.jpg,C
00931.jpg,A
00028.jpg,B
07606.jpg,B
06374.jpg,A
01369.jpg,C
00288.jpg,B
01751.jpg,A
06393.jpg,A
07962.jpg,A
06618.jpg,C
07083.jpg,C
07540.jpg,B
05105.jpg,B
03222.jpg,B
07411.jpg,C
01687.jpg,B
04757.jpg,C
07384.jpg,B
02814.jpg,A
06584.jpg,A
07330.jpg,B
06044.jpg,A
04260.jpg,B
01390.jpg,B
06123.jpg,B
07085.jpg,A
02227.jpg,C
05049.jpg,B
00413.jpg,A
05274.jpg,A
06973.jpg,A
00750.jpg,A
07544.jpg,B
05917.jpg,B
04101.jpg,A
03613.jpg,A
03606.jpg,A
04010.jpg,B
05135.jpg,B
05902.jpg,A
02745.jpg,C
01576.jpg,B
07863.jpg,C
01681.jpg,B
06021.jpg,A
06683.jpg,B
03636.jpg,B
02003.jpg,B
07794.jpg,A
06673.jpg,B
07167.jpg,A
06744.jpg,C
02043.jpg,C
00196.jpg,C
02563.jpg,B
04052.jpg,A
00034.jpg,A
03863.jpg,C
05543.jpg,A
06270.jpg,B
01500.jpg,B
07922.jpg,A
02385.jpg,B
06809.jpg,C
00006.jpg,A
06070.jpg,A
01330.jpg,A
02692.jpg,B
05470.jpg,A
02436.jpg,C
07340.jpg,B
02257.jpg,A
04105.jpg,C
04901.jpg,A
03374.jpg,C
03348.jpg,B
06459.jpg,B
07238.jpg,B
07872.jpg,A
00483.jpg,B
00451.jpg,B
04013.jpg,B
02202.jpg,A
06004.jpg,C
00891.jpg,A
00670.jpg,B
03714.jpg,B
06716.jpg,B
03767.jpg,A
01380.jpg,B
03290.jpg,A
07949.jpg,B
06935.jpg,A
04736.jpg,A
07769.jpg,C
05901.jpg,B
07862.jpg,A
07929.jpg,B
04108.jpg,A
00787.jpg,A
01481.jpg,A
02724.jpg,C
04369.jpg,A
03038.jpg,B
05897.jpg,B
05332.jpg,B
00389.jpg,A
02348.jpg,B
05427.jpg,B
04006.jpg,B
02110.jpg,A
00508.jpg,C
06506.jpg,B
04968.jpg,C
05060.jpg,A
04001.jpg,C
03448.jpg,B
01590.jpg,B
05097.jpg,B
01828.jpg,C
06395.jpg,B
07508.jpg,A
05749.jpg,A
01666.jpg,A
05174.jpg,B
04034.jpg,C
06927.jpg,B
06695.jpg,A
01683.jpg,A
03688.jpg,B
05000.jpg,C
03421.jpg,A
07102.jpg,B
01048.jpg,B
07360.jpg,A
06899.jpg,A
02102.jpg,B
02909.jpg,A
00666.jpg,C
02972.jpg,B
00639.jpg,B
06302.jpg,A
00826.jpg,B
07733.jpg,B
07938.jpg,C
05465.jpg,A
07674.jpg,B
03207.jpg,C
04726.jpg,A
04166.jpg,A
01447.jpg,C
06449.jpg,C
02332.jpg,B
05851.jpg,C
05329.jpg,C
00962.jpg,C
03394.jpg,A
03743.jpg,A
00079.jpg,A
00343.jpg,B
02737.jpg,A
05645.jpg,C
00910.jpg,A
00482.jpg,C
01137.jpg,A
01922.jpg,B
00151.jpg,C
03085.jpg,A
05758.jpg,A
02722.jpg,B
07578.jpg,C
04376.jpg,C
03649.jpg,B
03712.jpg,A
03676.jpg,C
04857.jpg,B
02811.jpg,A
05175.jpg,B
05073.jpg,B
03695.jpg,B
04690.jpg,B
07915.jpg,B
00043.jpg,B
07779.jpg,A
03166.jpg,A
00046.jpg,A
07778.jpg,B
07532.jpg,B
00188.jpg,C
04379.jpg,B
04262.jpg,B
07203.jpg,C
03959.jpg,A
05893.jpg,B
04493.jpg,A
03629.jpg,A
06848.jpg,A
06244.jpg,B
01864.jpg,B
06350.jpg,B
00159.jpg,B
00784.jpg,C
07066.jpg,A
07396.jpg,A
04905.jpg,B
05453.jpg,C
04303.jpg,A
05116.jpg,B
07179.jpg,C
01488.jpg,C
03266.jpg,C
04079.jpg,A
00864.jpg,A
01041.jpg,C
03205.jpg,B
04462.jpg,B
04700.jpg,A
02430.jpg,B
03725.jpg,B
05719.jpg,C
04808.jpg,B
01375.jpg,B
06933.jpg,B
07552.jpg,A
00011.jpg,B
05557.jpg,A
01662.jpg,B
06898.jpg,A
03171.jpg,A
04112.jpg,C
00450.jpg,A
04383.jpg,C
04470.jpg,A
04741.jpg,B
02992.jpg,B
04201.jpg,A
02471.jpg,B
07453.jpg,A
05301.jpg,B
02676.jpg,B
01248.jpg,C
04426.jpg,B
02172.jpg,A
05223.jpg,C
00239.jpg,C
07880.jpg,C
07478.jpg,A
02600.jpg,A
06766.jpg,B
00642.jpg,C
04554.jpg,C
01456.jpg,C
01010.jpg,A
01112.jpg,A
06896.jpg,B
03727.jpg,C
00429.jpg,C
04689.jpg,A
04476.jpg,C
01453.jpg,C
05945.jpg,C
04043.jpg,C
00120.jpg,A
05380.jpg,A
00822.jpg,B
05220.jpg,A
01063.jpg,C
06750.jpg,A
03515.jpg,B
06532.jpg,B
07363.jpg,C
02076.jpg,B
03089.jpg,B
01485.jpg,B
04165.jpg,B
07377.jpg,B
00551.jpg,C
01700.jpg,A
07603.jpg,A
03175.jpg,B
04694.jpg,A
01120.jpg,A
04724.jpg,A
07759.jpg,B
07174.jpg,B
02904.jpg,A
02288.jpg,A
05419.jpg,C
03109.jpg,A
06703.jpg,C
04748.jpg,B
00124.jpg,A
05209.jpg,B
02910.jpg,B
00278.jpg,B
06373.jpg,A
01260.jpg,B
04702.jpg,C
00241.jpg,B
01894.jpg,A
05041.jpg,B
04029.jpg,B
05141.jpg,A
05165.jpg,A
05146.jpg,A
02568.jpg,B
04195.jpg,A
04630.jpg,B
04278.jpg,C
03179.jpg,B
00839.jpg,A
02402.jpg,A
05981.jpg,C
04479.jpg,B
07709.jpg,C
02683.jpg,A
06729.jpg,A
05382.jpg,A
00948.jpg,B
00712.jpg,A
07891.jpg,B
02490.jpg,C
07549.jpg,B
04415.jpg,A
00681.jpg,B
00459.jpg,A
00424.jpg,C
00221.jpg,C
04538.jpg,A
00909.jpg,B
04980.jpg,C
07183.jpg,A
04030.jpg,C
07947.jpg,B
02734.jpg,C
03774.jpg,C
03867.jpg,A
02951.jpg,B
00135.jpg,B
01693.jpg,C
06015.jpg,B
02015.jpg,B
05115.jpg,B
01197.jpg,B
04396.jpg,A
02596.jpg,B
06114.jpg,B
00920.jpg,C
00156.jpg,C
07304.jpg,C
06759.jpg,A
01769.jpg,C
04133.jpg,B
02423.jpg,B
01437.jpg,B
02264.jpg,B
02763.jpg,A
02141.jpg,A
04352.jpg,A
00222.jpg,A
06174.jpg,A
07630.jpg,B
02730.jpg,A
03201.jpg,C
07150.jpg,A
05558.jpg,A
01523.jpg,B
02974.jpg,C
06663.jpg,B
00284.jpg,A
01206.jpg,A
05931.jpg,C
03963.jpg,B
02320.jpg,A
02721.jpg,A
07854.jpg,B
02940.jpg,B
01163.jpg,A
01550.jpg,A
07078.jpg,B
03563.jpg,A
06798.jpg,B
05791.jpg,C
07907.jpg,A
00454.jpg,C
03557.jpg,B
07420.jpg,B
07350.jpg,B
02525.jpg,C
01348.jpg,C
04022.jpg,A
02935.jpg,B
02328.jpg,A
05764.jpg,B
04610.jpg,A
07586.jpg,A
02390.jpg,A
00782.jpg,C
02736.jpg,B
05780.jpg,A
03586.jpg,A
07591.jpg,C
03378.jpg,C
00074.jpg,C
03214.jpg,B
04142.jpg,A
02632.jpg,A
06741.jpg,A
05717.jpg,A
04051.jpg,A
00169.jpg,C
02447.jpg,C
06494.jpg,A
06966.jpg,A
04551.jpg,A
00270.jpg,A
02351.jpg,C
06562.jpg,A
01423.jpg,A
07225.jpg,B
04759.jpg,A
05706.jpg,B
00489.jpg,B
07756.jpg,C
05616.jpg,B
01013.jpg,B
02984.jpg,B
01409.jpg,C
05007.jpg,B
06147.jpg,C
03550.jpg,C
05691.jpg,A
00687.jpg,A
04662.jpg,A
01200.jpg,A
02687.jpg,C
05984.jpg,C
07387.jpg,B
02136.jpg,A
04829.jpg,A
05068.jpg,B
04820.jpg,A
05831.jpg,B
00610.jpg,B
05728.jpg,B
04520.jpg,A
00855.jpg,B
02611.jpg,A
04976.jpg,A
01521.jpg,C
04569.jpg,A
01842.jpg,B
04044.jpg,A
07322.jpg,A
03620.jpg,A
05225.jpg,A
03131.jpg,A
07040.jpg,B
00815.jpg,A
00647.jpg,A
05346.jpg,B
03206.jpg,B
03489.jpg,B
00468.jpg,C
04274.jpg,C
05176.jpg,A
02361.jpg,A
04963.jpg,B
02027.jpg,C
04327.jpg,B
01772.jpg,C
06453.jpg,B
00841.jpg,A
05937.jpg,B
02168.jpg,C
01315.jpg,A
00255.jpg,A
07465.jpg,C
02604.jpg,B
07426.jpg,A
03475.jpg,B
06352.jpg,A
02488.jpg,B
00991.jpg,B
00279.jpg,B
06530.jpg,B
01422.jpg,C
00520.jpg,C
05045.jpg,A
02255.jpg,B
06577.jpg,A
07977.jpg,A
02603.jpg,B
00983.jpg,C
05255.jpg,C
05326.jpg,A
06214.jpg,A
06089.jpg,B
00286.jpg,A
02234.jpg,B
02150.jpg,B
07857.jpg,A
02075.jpg,B
06098.jpg,A
03524.jpg,B
03446.jpg,C
06212.jpg,C
02879.jpg,B
02376.jpg,A
05533.jpg,A
00186.jpg,B
00264.jpg,C
00473.jpg,A
06328.jpg,B
07033.jpg,B
03651.jpg,B
01939.jpg,C
07230.jpg,A
03478.jpg,C
07096.jpg,B
00823.jpg,A
00262.jpg,A
05708.jpg,C
03016.jpg,C
05604.jpg,A
05170.jpg,C
01722.jpg,B
06549.jpg,C
00337.jpg,C
03576.jpg,C
04080.jpg,B
07025.jpg,A
05086.jpg,C
04523.jpg,A
00216.jpg,B
02923.jpg,C
05088.jpg,B
02701.jpg,C
00937.jpg,B
07273.jpg,A
01045.jpg,B
04428.jpg,A
05397.jpg,A
06487.jpg,C
06320.jpg,B
00347.jpg,A
05378.jpg,C
02760.jpg,A
03948.jpg,B
05804.jpg,C
02113.jpg,C
03427.jpg,A
05215.jpg,A
01213.jpg,A
07770.jpg,C
03590.jpg,A
06043.jpg,C
01705.jpg,C
00980.jpg,A
01352.jpg,A
02552.jpg,A
06215.jpg,B
04600.jpg,C
04124.jpg,B
05265.jpg,B
07367.jpg,B
06860.jpg,B
00353.jpg,C
05895.jpg,A
03709.jpg,A
04392.jpg,A
00507.jpg,A
01029.jpg,A
02593.jpg,B
03231.jpg,C
05627.jpg,A
03573.jpg,B
07955.jpg,A
05092.jpg,A
00624.jpg,A
00042.jpg,A
01326.jpg,B
05554.jpg,B
04685.jpg,B
06851.jpg,B
02209.jpg,A
06342.jpg,A
01692.jpg,A
00437.jpg,B
06252.jpg,B
03523.jpg,C
02095.jpg,A
03891.jpg,B
02810.jpg,B
03408.jpg,A
00788.jpg,B
06672.jpg,A
00533.jpg,A
04701.jpg,A
05162.jpg,A
01761.jpg,C
05815.jpg,C
00643.jpg,A
05866.jpg,A
02462.jpg,A
02277.jpg,B
06248.jpg,A
02515.jpg,B
04897.jpg,A
00736.jpg,A
01999.jpg,A
06971.jpg,B
05929.jpg,B
05999.jpg,A
06872.jpg,A
00378.jpg,B
04421.jpg,B
04537.jpg,A
05456.jpg,A
02953.jpg,B
06806.jpg,A
04156.jpg,B
00090.jpg,A
03982.jpg,B
01204.jpg,A
06698.jpg,B
07318.jpg,A
03183.jpg,A
05400.jpg,B
05280.jpg,A
01989.jpg,A
07654.jpg,C
06354.jpg,A
00921.jpg,A
04545.jpg,A
01787.jpg,C
06850.jpg,A
02260.jpg,C
07497.jpg,B
07234.jpg,A
01079.jpg,B
05039.jpg,C
07975.jpg,A
00667.jpg,C
03264.jpg,A
04836.jpg,A
07619.jpg,A
06484.jpg,A
06273.jpg,B
06298.jpg,A
05947.jpg,B
07044.jpg,A
03931.jpg,A
06921.jpg,A
06926.jpg,B
04855.jpg,A
01152.jpg,A
07727.jpg,C
06250.jpg,B
01795.jpg,B
03829.jpg,A
04370.jpg,C
05015.jpg,A
07057.jpg,C
06478.jpg,C
01799.jpg,B
00502.jpg,A
07064.jpg,B
02622.jpg,B
07997.jpg,B
02872.jpg,C
02502.jpg,A
00001.jpg,C
06442.jpg,B
07648.jpg,A
01849.jpg,B
01223.jpg,A
03149.jpg,A
00696.jpg,A
01755.jpg,B
00858.jpg,B
06337.jpg,A
00939.jpg,B
04797.jpg,A
03904.jpg,B
05887.jpg,A
01470.jpg,C
00795.jpg,A
00704.jpg,B
06351.jpg,A
06735.jpg,A
00386.jpg,B
00946.jpg,B
07218.jpg,A
02955.jpg,B
00464.jpg,C
00247.jpg,B
00025.jpg,C
02583.jpg,B
02326.jpg,A
03535.jpg,C
04962.jpg,A
05608.jpg,B
07573.jpg,A
03958.jpg,A
00559.jpg,B
00098.jpg,A
07935.jpg,A
06400.jpg,C
04144.jpg,A
04314.jpg,C
07281.jpg,B
06077.jpg,B
06700.jpg,A
03157.jpg,A
04239.jpg,C
04237.jpg,A
02365.jpg,A
01217.jpg,A
05013.jpg,A
00949.jpg,B
05599.jpg,C
00317.jpg,A
01075.jpg,B
02138.jpg,B
01495.jpg,A
00947.jpg,A
05117.jpg,B
01005.jpg,B
02364.jpg,C
07758.jpg,A
07151.jpg,B
05807.jpg,A
06861.jpg,C
00220.jpg,C
02907.jpg,B
01830.jpg,A
02625.jpg,A
00476.jpg,B
01548.jpg,B
05461.jpg,C
06243.jpg,C
01503.jpg,C
03975.jpg,B
01124.jpg,A
03930.jpg,C
05298.jpg,B
03284.jpg,B
06768.jpg,C
07259.jpg,B
06099.jpg,C
04668.jpg,C
07721.jpg,B
06552.jpg,C
01097.jpg,C
07055.jpg,A
05670.jpg,B
03833.jpg,B
03133.jpg,B
05425.jpg,A
00824.jpg,A
00333.jpg,A
03479.jpg,C
02496.jpg,A
04796.jpg,A
07325.jpg,C
00836.jpg,C
06280.jpg,A
06635.jpg,C
07757.jpg,C
06152.jpg,C
05440.jpg,A
06293.jpg,A
01817.jpg,C
01605.jpg,A
00441.jpg,C
03277.jpg,A
03800.jpg,C
01116.jpg,B
04983.jpg,A
06267.jpg,B
04138.jpg,C
03554.jpg,B
00503.jpg,A
00515.jpg,B
06493.jpg,C
02374.jpg,B
04620.jpg,B
03646.jpg,C
02839.jpg,B
07888.jpg,C
03447.jpg,C
03460.jpg,A
04064.jpg,A
04746.jpg,C
04776.jpg,B
06286.jpg,C
05377.jpg,B
02058.jpg,A
00250.jpg,C
01851.jpg,C
00545.jpg,A
00106.jpg,A
03392.jpg,C
03728.jpg,A
07738.jpg,A
07246.jpg,A
05206.jpg,C
03088.jpg,A
00357.jpg,B
06148.jpg,C
05121.jpg,A
07719.jpg,B
02542.jpg,C
01174.jpg,C
05583.jpg,B
03036.jpg,B
04975.jpg,A
03601.jpg,A
00388.jpg,C
00277.jpg,B
07436.jpg,C
06817.jpg,A
04681.jpg,B
03274.jpg,B
04803.jpg,A
03484.jpg,B
05532.jpg,A
03810.jpg,A
03989.jpg,A
00773.jpg,A
06308.jpg,B
01008.jpg,C
05526.jpg,C
01373.jpg,C
02445.jpg,A
05484.jpg,C
04072.jpg,A
06977.jpg,C
07331.jpg,A
02738.jpg,A
01230.jpg,B
01349.jpg,A
04068.jpg,C
07943.jpg,A
00724.jpg,A
01537.jpg,A
01401.jpg,A
04280.jpg,A
03570.jpg,C
00582.jpg,B
02768.jpg,B
03296.jpg,B
06502.jpg,A
05207.jpg,A
00506.jpg,A
02865.jpg,B
04524.jpg,B
06234.jpg,C
02032.jpg,B
00860.jpg,B
06624.jpg,A
01282.jpg,B
07896.jpg,B
06300.jpg,B
04661.jpg,A
03292.jpg,B
07869.jpg,C
06100.jpg,B
04629.jpg,A
06788.jpg,B
07345.jpg,B
00356.jpg,A
05337.jpg,C
04652.jpg,B
04938.jpg,A
00238.jpg,A
07692.jpg,B
03397.jpg,C
06922.jpg,A
02533.jpg,A
03204.jpg,A
05919.jpg,A
06346.jpg,A
02888.jpg,C
02719.jpg,A
04916.jpg,B
02313.jpg,A
05693.jpg,B
07186.jpg,B
07452.jpg,B
00419.jpg,C
05287.jpg,B
01841.jpg,A
05809.jpg,A
03042.jpg,A
00747.jpg,B
06410.jpg,B
05727.jpg,C
01955.jpg,B
04939.jpg,A
02929.jpg,C
06976.jpg,B
00137.jpg,A
00578.jpg,A
00550.jpg,A
01750.jpg,B
00276.jpg,B
00146.jpg,A
01852.jpg,C
05779.jpg,A
01474.jpg,A
01464.jpg,A
06376.jpg,B
01344.jpg,A
05579.jpg,C
00802.jpg,B
07945.jpg,B
07261.jpg,A
03095.jpg,B
06832.jpg,B
00312.jpg,A
02626.jpg,C
04017.jpg,A
04572.jpg,A
01038.jpg,A
01929.jpg,C
01802.jpg,A
00810.jpg,A
04510.jpg,B
02969.jpg,C
02389.jpg,B
04956.jpg,B
07199.jpg,A
01924.jpg,C
04864.jpg,A
05109.jpg,A
05987.jpg,B
01056.jpg,C
00993.jpg,A
00290.jpg,C
01484.jpg,B
03734.jpg,A
05856.jpg,C
07310.jpg,B
01655.jpg,B
04329.jpg,A
05296.jpg,A
02773.jpg,B
04185.jpg,C
03403.jpg,A
03087.jpg,C
01610.jpg,B
06908.jpg,C
04464.jpg,C
02347.jpg,B
01570.jpg,A
04602.jpg,A
06585.jpg,C
03188.jpg,B
