D-Plant2_0610_3.jpg,B
D-Plant2_0610_30.jpg,C
D-Plant2_0610_300.jpg,B
D-Plant2_0610_301.jpg,B
D-Plant2_0610_302.jpg,B
D-Plant2_0610_306.jpg,B
D-Plant2_0610_307.jpg,B
D-Plant2_0610_309.jpg,B
D-Plant2_0610_31.jpg,C
D-Plant2_0610_310.jpg,B
D-Plant2_0610_315.jpg,B
D-Plant2_0610_316.jpg,C
D-Plant2_0610_317.jpg,B
D-Plant2_0610_32.jpg,C
D-Plant2_0610_320.jpg,B
D-Plant2_0610_321.jpg,B
D-Plant2_0610_324.jpg,B
D-Plant2_0610_325.jpg,B
D-Plant2_0610_326.jpg,B
D-Plant2_0610_327.jpg,B
D-Plant2_0610_329.jpg,B
D-Plant2_0610_333.jpg,B
D-Plant2_0610_334.jpg,C
D-Plant2_0610_335.jpg,B
D-Plant2_0610_336.jpg,C
D-Plant2_0610_338.jpg,B
D-Plant2_0610_34.jpg,C
D-Plant2_0610_342.jpg,B
D-Plant2_0610_343.jpg,C
D-Plant2_0610_35.jpg,C
D-Plant2_0610_350.jpg,B
D-Plant2_0610_351.jpg,C
D-Plant2_0610_352.jpg,C
D-Plant2_0610_358.jpg,B
D-Plant2_0610_359.jpg,B
D-Plant2_0610_36.jpg,C
D-Plant2_0610_361.jpg,B
D-Plant2_0610_363.jpg,B
D-Plant2_0610_365.jpg,B
D-Plant2_0610_367.jpg,C
D-Plant2_0610_37.jpg,C
D-Plant2_0610_372.jpg,B
D-Plant2_0610_375.jpg,B
D-Plant2_0610_39.jpg,C
D-Plant2_0610_4.jpg,C
D-Plant2_0610_405.jpg,B
D-Plant2_0610_413.jpg,C
D-Plant2_0610_418.jpg,C
D-Plant2_0610_428.jpg,B
D-Plant2_0610_429.jpg,B
D-Plant2_0610_43.jpg,C
D-Plant2_0610_438.jpg,B
D-Plant2_0610_44.jpg,B
D-Plant2_0610_62.jpg,C
D-Plant2_0610_63.jpg,C
D-Plant2_0610_64.jpg,C
D-Plant2_0610_65.jpg,C
D-Plant2_0610_66.jpg,C
D-Plant2_0610_67.jpg,C
D-Plant2_0610_69.jpg,C
D-Plant2_0610_7.jpg,B
D-Plant2_0610_70.jpg,B
D-Plant2_0610_71.jpg,C
D-Plant2_0610_72.jpg,C
D-Plant2_0610_74.jpg,B
D-Plant2_0610_76.jpg,C
D-Plant2_0610_77.jpg,C
D-Plant2_0610_78.jpg,C
D-Plant2_0610_79.jpg,C
D-Plant2_0610_80.jpg,C
D-Plant2_0610_81.jpg,C
D-Plant2_0610_82.jpg,C
D-Plant2_0610_83.jpg,C
D-Plant2_0610_85.jpg,C
D-Plant2_0610_87.jpg,C
D-Plant2_0610_88.jpg,C
G-Plant2_0616_83.jpg,A
G-Plant2_0616_84.jpg,A
G-Plant2_0616_85.jpg,A
G-Plant2_0616_86.jpg,A
G-Plant2_0616_87.jpg,A
G-Plant2_0616_88.jpg,A
G-Plant2_0616_89.jpg,A
G-Plant2_0616_9.jpg,A
G-Plant2_0616_90.jpg,A
G-Plant2_0616_91.jpg,B
G-Plant2_0616_92.jpg,A
G-Plant2_0616_93.jpg,A
G-Plant2_0616_94.jpg,A
G-Plant2_0616_95.jpg,B
G-Plant2_0616_96.jpg,A
G-Plant2_0616_97.jpg,A
G-Plant2_0616_98.jpg,A
G-Plant2_0616_99.jpg,A
