04108.jpg,B
03703.jpg,B
06214.jpg,B
07891.jpg,B
04314.jpg,C
00459.jpg,B
04156.jpg,B
03535.jpg,B
02329.jpg,B
00704.jpg,B
01576.jpg,B
06584.jpg,B
05658.jpg,B
00408.jpg,B
04993.jpg,C
02625.jpg,B
05880.jpg,B
01877.jpg,B
02390.jpg,B
05627.jpg,B
00434.jpg,C
03557.jpg,B
06235.jpg,B
00405.jpg,C
05013.jpg,B
00736.jpg,B
02865.jpg,B
01999.jpg,B
03943.jpg,B
04856.jpg,B
01590.jpg,B
06251.jpg,B
02328.jpg,B
07907.jpg,B
02237.jpg,A
05280.jpg,B
06070.jpg,B
07719.jpg,B
00681.jpg,B
03205.jpg,B
02028.jpg,B
04834.jpg,B
00565.jpg,B
02011.jpg,B
05945.jpg,B
01698.jpg,B
07363.jpg,C
05616.jpg,C
07977.jpg,B
01409.jpg,C
01135.jpg,B
05041.jpg,B
00437.jpg,B
05442.jpg,B
06234.jpg,B
02904.jpg,B
05928.jpg,B
02529.jpg,B
04275.jpg,B
00419.jpg,B
02940.jpg,B
04741.jpg,B
05207.jpg,B
06272.jpg,C
00696.jpg,B
04628.jpg,C
04551.jpg,B
05727.jpg,B
02811.jpg,B
00476.jpg,B
05055.jpg,C
00931.jpg,A
05893.jpg,B
01124.jpg,B
03479.jpg,C
02365.jpg,B
00278.jpg,B
03109.jpg,B
05047.jpg,B
07842.jpg,C
06577.jpg,B
03774.jpg,B
02721.jpg,B
01447.jpg,C
01488.jpg,C
00270.jpg,B
01505.jpg,B
06671.jpg,B
03392.jpg,B
06442.jpg,B
04166.jpg,B
05839.jpg,B
06371.jpg,C
01092.jpg,B
00066.jpg,B
00469.jpg,B
04871.jpg,B
03183.jpg,B
04128.jpg,B
03186.jpg,B
02909.jpg,B
01692.jpg,B
00074.jpg,C
02706.jpg,C
07654.jpg,B
03959.jpg,B
01206.jpg,B
07420.jpg,B
00001.jpg,B
02618.jpg,B
07033.jpg,B
01064.jpg,B
00124.jpg,B
04622.jpg,C
04365.jpg,C
00025.jpg,C
07452.jpg,B
01873.jpg,B
02953.jpg,B
07869.jpg,B
03123.jpg,B
04155.jpg,B
00949.jpg,B
01939.jpg,B
02376.jpg,B
02626.jpg,C
02722.jpg,B
01248.jpg,C
06683.jpg,B
01991.jpg,B
06514.jpg,C
07132.jpg,B
06966.jpg,B
00332.jpg,B
03829.jpg,B
07425.jpg,B
04376.jpg,B
05987.jpg,B
00288.jpg,B
04940.jpg,B
06645.jpg,B
03306.jpg,B
07693.jpg,C
03958.jpg,B
03570.jpg,B
01474.jpg,B
06533.jpg,B
06395.jpg,C
07837.jpg,C
05319.jpg,C
03770.jpg,B
03632.jpg,B
02277.jpg,B
03544.jpg,C
06793.jpg,B
07396.jpg,B
01049.jpg,B
05017.jpg,C
04352.jpg,B
03374.jpg,C
04689.jpg,B
07759.jpg,B
04903.jpg,B
00221.jpg,C
06703.jpg,C
05419.jpg,C
03712.jpg,B
05919.jpg,B
04274.jpg,C
03575.jpg,B
00795.jpg,B
03810.jpg,B
06452.jpg,B
00891.jpg,B
00257.jpg,B
07102.jpg,C
02260.jpg,C
07411.jpg,C
03649.jpg,B
04556.jpg,B
05966.jpg,C
03480.jpg,B
01200.jpg,B
06478.jpg,B
03052.jpg,B
05425.jpg,B
02979.jpg,C
05977.jpg,B
01369.jpg,C
01008.jpg,C
01806.jpg,B
02003.jpg,B
05558.jpg,B
04112.jpg,B
07225.jpg,B
01922.jpg,B
07096.jpg,B
03508.jpg,C
02923.jpg,C
02257.jpg,B
04080.jpg,B
06698.jpg,B
07721.jpg,B
05510.jpg,C
05901.jpg,B
07384.jpg,B
06382.jpg,B
04025.jpg,B
04629.jpg,B
06329.jpg,B
02019.jpg,C
03689.jpg,B
04942.jpg,B
02089.jpg,B
03038.jpg,C
00042.jpg,B
02512.jpg,B
02175.jpg,A
06089.jpg,B
00551.jpg,C
06493.jpg,C
05470.jpg,B
04172.jpg,B
06961.jpg,B
04524.jpg,B
04248.jpg,B
02583.jpg,B
01134.jpg,B
04403.jpg,B
05170.jpg,B
00438.jpg,B
01204.jpg,B
01993.jpg,C
06546.jpg,B
02271.jpg,C
00146.jpg,B
00135.jpg,B
00550.jpg,B
01655.jpg,B
03447.jpg,B
04142.jpg,B
07524.jpg,B
02110.jpg,B
07234.jpg,B
00821.jpg,B
04967.jpg,B
02556.jpg,B
04685.jpg,B
07671.jpg,B
02331.jpg,B
05651.jpg,B
03274.jpg,B
03714.jpg,B
01235.jpg,B
05533.jpg,B
02347.jpg,C
03254.jpg,B
03408.jpg,B
07281.jpg,B
04494.jpg,B
01738.jpg,B
01621.jpg,B
03397.jpg,B
02126.jpg,B
03000.jpg,B
03403.jpg,A
07203.jpg,B
02337.jpg,B
05937.jpg,B
01817.jpg,C
01693.jpg,C
02078.jpg,B
05116.jpg,B
03122.jpg,B
05897.jpg,B
06354.jpg,B
03980.jpg,B
02430.jpg,B
04124.jpg,B
04939.jpg,B
01615.jpg,B
03188.jpg,B
05712.jpg,C
00241.jpg,B
07006.jpg,C
06759.jpg,B
03523.jpg,C
01063.jpg,B
00592.jpg,B
06373.jpg,B
01056.jpg,C
00534.jpg,B
07135.jpg,B
00489.jpg,B
03797.jpg,C
04034.jpg,B
06443.jpg,B
06130.jpg,B
02562.jpg,C
01755.jpg,B
00098.jpg,B
03913.jpg,B
04797.jpg,B
07151.jpg,B
05184.jpg,B
07136.jpg,B
07261.jpg,B
02452.jpg,B
00237.jpg,B
05708.jpg,B
01503.jpg,B
04145.jpg,B
03982.jpg,B
03475.jpg,B
06374.jpg,B
00159.jpg,B
01842.jpg,B
07304.jpg,C
02883.jpg,B
02820.jpg,B
01439.jpg,B
02032.jpg,B
06567.jpg,B
04280.jpg,B
03357.jpg,B
00864.jpg,B
07714.jpg,B
02646.jpg,B
00684.jpg,B
05999.jpg,B
06705.jpg,B
01174.jpg,C
04375.jpg,B
06976.jpg,B
05366.jpg,B
05096.jpg,B
00333.jpg,B
01775.jpg,B
01750.jpg,B
05090.jpg,B
04836.jpg,B
01535.jpg,B
05664.jpg,A
04260.jpg,B
07610.jpg,B
03030.jpg,B
05543.jpg,B
04428.jpg,B
01683.jpg,B
01537.jpg,B
01282.jpg,B
02910.jpg,B
06215.jpg,B
06268.jpg,A
01029.jpg,A
01020.jpg,B
01375.jpg,B
01671.jpg,B
02254.jpg,B
07079.jpg,B
03747.jpg,C
01448.jpg,C
04493.jpg,B
06898.jpg,B
04207.jpg,B
02568.jpg,B
00383.jpg,C
00980.jpg,B
07055.jpg,B
05991.jpg,B
06580.jpg,B
01294.jpg,B
01088.jpg,B
07199.jpg,B
05016.jpg,B
00284.jpg,B
01722.jpg,B
00631.jpg,B
00169.jpg,B
04826.jpg,C
02879.jpg,B
03271.jpg,B
04897.jpg,B
02734.jpg,B
02955.jpg,B
04421.jpg,B
01862.jpg,B
06273.jpg,A
03164.jpg,B
03171.jpg,B
00836.jpg,C
07955.jpg,B
01184.jpg,C
01380.jpg,B
03427.jpg,B
06152.jpg,C
04044.jpg,B
04079.jpg,B
06741.jpg,B
01524.jpg,B
00347.jpg,B
07794.jpg,B
06848.jpg,B
00690.jpg,B
05832.jpg,B
05997.jpg,B
06393.jpg,B
06098.jpg,B
06101.jpg,B
02381.jpg,B
02872.jpg,B
07322.jpg,B
00847.jpg,B
02658.jpg,B
01223.jpg,A
01079.jpg,B
01259.jpg,B
06832.jpg,B
06922.jpg,B
06689.jpg,B
02810.jpg,B
05728.jpg,B
07591.jpg,B
05355.jpg,B
03483.jpg,C
02043.jpg,B
01107.jpg,B
04326.jpg,B
07727.jpg,C
02445.jpg,A
00666.jpg,C
03394.jpg,B
04662.jpg,B
02730.jpg,B
02750.jpg,B
07573.jpg,B
03277.jpg,B
07971.jpg,B
02701.jpg,C
02521.jpg,C
00624.jpg,B
04589.jpg,B
07330.jpg,B
04893.jpg,B
01115.jpg,B
01498.jpg,C
04905.jpg,B
03515.jpg,B
06345.jpg,B
07325.jpg,B
07080.jpg,B
00499.jpg,B
06861.jpg,B
05378.jpg,C
02186.jpg,B
04303.jpg,B
04968.jpg,C
02040.jpg,B
06383.jpg,C
00334.jpg,B
01973.jpg,B
04086.jpg,B
05223.jpg,B
04807.jpg,B
02312.jpg,B
00450.jpg,B
02091.jpg,B
06100.jpg,B
07857.jpg,B
01169.jpg,B
04976.jpg,B
00482.jpg,B
07083.jpg,B
04264.jpg,B
00357.jpg,B
05208.jpg,B
00016.jpg,B
04476.jpg,C
06328.jpg,B
06790.jpg,C
06028.jpg,B
05146.jpg,B
04072.jpg,B
01090.jpg,B
06057.jpg,B
02611.jpg,B
02374.jpg,B
00508.jpg,C
01956.jpg,B
04331.jpg,B
06298.jpg,A
04240.jpg,B
01188.jpg,B
07880.jpg,B
04776.jpg,B
05000.jpg,B
02775.jpg,B
05908.jpg,B
06637.jpg,B
04694.jpg,B
02542.jpg,C
01120.jpg,B
00502.jpg,B
04748.jpg,B
01175.jpg,B
03676.jpg,B
04310.jpg,C
02533.jpg,B
03606.jpg,B
06561.jpg,B
00483.jpg,B
04803.jpg,B
04956.jpg,B
03629.jpg,B
01311.jpg,B
00993.jpg,B
05265.jpg,B
03410.jpg,B
07213.jpg,B
07808.jpg,B
03365.jpg,B
04985.jpg,B
06250.jpg,B
01213.jpg,B
02373.jpg,B
02525.jpg,C
05326.jpg,B
00238.jpg,B
01673.jpg,B
02563.jpg,B
07832.jpg,B
01751.jpg,B
07186.jpg,B
01769.jpg,C
00784.jpg,B
01477.jpg,B
07345.jpg,B
07652.jpg,C
05851.jpg,C
06512.jpg,B
00196.jpg,B
04785.jpg,B
03651.jpg,B
07540.jpg,B
03833.jpg,B
00106.jpg,B
05061.jpg,B
04105.jpg,B
03179.jpg,B
06494.jpg,B
07959.jpg,B
05917.jpg,B
06502.jpg,B
07350.jpg,B
00647.jpg,B
05039.jpg,C
06524.jpg,B
03851.jpg,B
02496.jpg,A
00339.jpg,B
02957.jpg,C
00337.jpg,C
03613.jpg,B
00582.jpg,B
02915.jpg,B
06768.jpg,B
07514.jpg,B
06286.jpg,B
04068.jpg,C
04133.jpg,B
00262.jpg,B
03460.jpg,B
05705.jpg,C
05831.jpg,B
03448.jpg,B
03495.jpg,C
03378.jpg,B
07778.jpg,B
03530.jpg,B
03089.jpg,B
06618.jpg,C
06923.jpg,B
00981.jpg,C
02015.jpg,B
00910.jpg,B
04661.jpg,B
04036.jpg,B
05068.jpg,B
00750.jpg,B
03366.jpg,B
06459.jpg,B
03087.jpg,C
07619.jpg,A
02288.jpg,A
03292.jpg,B
07211.jpg,B
00155.jpg,B
02320.jpg,B
07387.jpg,B
05465.jpg,B
03864.jpg,B
01989.jpg,B
07075.jpg,B
06909.jpg,B
07709.jpg,C
06908.jpg,C
06817.jpg,B
07726.jpg,B
07779.jpg,B
03930.jpg,B
06809.jpg,B
05453.jpg,C
07872.jpg,B
00983.jpg,C
05097.jpg,B
05088.jpg,B
01251.jpg,C
05931.jpg,B
05329.jpg,B
01061.jpg,B
06831.jpg,C
07544.jpg,B
04545.jpg,B
01652.jpg,B
02505.jpg,B
06021.jpg,B
07770.jpg,C
05135.jpg,B
04537.jpg,B
00006.jpg,B
01772.jpg,B
00921.jpg,B
05737.jpg,C
00173.jpg,B
00512.jpg,C
05887.jpg,B
00046.jpg,B
04916.jpg,B
00079.jpg,B
00327.jpg,B
01828.jpg,C
05883.jpg,B
01390.jpg,B
07757.jpg,B
06342.jpg,B
01859.jpg,B
03953.jpg,B
03663.jpg,B
04520.jpg,B
05670.jpg,B
03863.jpg,C
06640.jpg,C
03904.jpg,B
02632.jpg,B
06445.jpg,B
04022.jpg,B
02351.jpg,C
04641.jpg,A
00826.jpg,B
05182.jpg,B
02436.jpg,C
01048.jpg,B
02016.jpg,B
01197.jpg,B
03646.jpg,C
01605.jpg,B
03745.jpg,B
03576.jpg,C
01228.jpg,B
06806.jpg,B
06308.jpg,B
06262.jpg,B
06385.jpg,B
00353.jpg,B
07127.jpg,B
06583.jpg,B
00343.jpg,B
07025.jpg,B
01483.jpg,B
04338.jpg,B
04507.jpg,B
00250.jpg,C
02385.jpg,B
06015.jpg,B
04201.jpg,B
05215.jpg,B
06244.jpg,B
03478.jpg,C
02058.jpg,B
06973.jpg,B
06977.jpg,B
07453.jpg,B
07478.jpg,B
06054.jpg,B
00258.jpg,B
01230.jpg,B
00643.jpg,B
06432.jpg,C
07733.jpg,B
05521.jpg,B
00515.jpg,B
05377.jpg,B
04239.jpg,B
03554.jpg,B
04418.jpg,B
01523.jpg,B
03800.jpg,C
06921.jpg,B
07085.jpg,B
06581.jpg,B
00725.jpg,B
00890.jpg,B
01980.jpg,B
04383.jpg,B
05764.jpg,B
07793.jpg,B
03465.jpg,C
03548.jpg,B
06157.jpg,B
04702.jpg,B
00277.jpg,B
00642.jpg,C
01123.jpg,B
02332.jpg,B
05142.jpg,B
05579.jpg,B
07314.jpg,C
03793.jpg,B
06293.jpg,B
06927.jpg,B
01565.jpg,B
07066.jpg,B
04426.jpg,B
00773.jpg,B
01942.jpg,B
02622.jpg,B
01352.jpg,B
06346.jpg,B
01137.jpg,B
00520.jpg,B
04886.jpg,B
03961.jpg,B
01521.jpg,C
02113.jpg,B
05196.jpg,B
04786.jpg,B
04652.jpg,B
05117.jpg,B
06744.jpg,C
05984.jpg,B
05947.jpg,B
04051.jpg,B
02068.jpg,C
06147.jpg,B
05720.jpg,B
05807.jpg,B
03446.jpg,B
02593.jpg,B
05308.jpg,B
00814.jpg,B
00264.jpg,B
02462.jpg,B
02845.jpg,C
04001.jpg,B
07167.jpg,B
07454.jpg,B
05363.jpg,B
05397.jpg,B
01485.jpg,B
05070.jpg,C
06899.jpg,B
05817.jpg,B
05758.jpg,B
05112.jpg,B
04901.jpg,B
03981.jpg,B
04759.jpg,B
04892.jpg,B
03266.jpg,B
04700.jpg,B
07674.jpg,B
00276.jpg,B
04954.jpg,B
02212.jpg,B
03419.jpg,B
03531.jpg,B
02929.jpg,C
00797.jpg,B
02946.jpg,C
05709.jpg,B
05809.jpg,B
04973.jpg,B
01700.jpg,B
02992.jpg,B
01444.jpg,B
03204.jpg,B
01679.jpg,B
02600.jpg,B
01694.jpg,B
00496.jpg,B
04530.jpg,C
00822.jpg,B
07929.jpg,B
00740.jpg,C
03063.jpg,B
03221.jpg,B
04327.jpg,B
00937.jpg,B
00151.jpg,C
05274.jpg,B
07273.jpg,B
07209.jpg,B
01894.jpg,A
03644.jpg,B
07576.jpg,B
00939.jpg,B
04701.jpg,B
03413.jpg,B
00947.jpg,B
00804.jpg,B
05007.jpg,B
07134.jpg,B
05637.jpg,B
02736.jpg,B
02740.jpg,C
02095.jpg,B
01152.jpg,B
05620.jpg,B
04226.jpg,B
07367.jpg,B
03586.jpg,B
06926.jpg,B
05174.jpg,B
04924.jpg,B
01349.jpg,B
07465.jpg,C
01348.jpg,B
06789.jpg,B
04052.jpg,B
00720.jpg,B
05895.jpg,B
02854.jpg,B
06095.jpg,C
00824.jpg,B
03222.jpg,B
07318.jpg,B
06408.jpg,C
04938.jpg,B
02920.jpg,B
01512.jpg,B
03727.jpg,C
03880.jpg,B
02692.jpg,B
01864.jpg,B
05225.jpg,B
02136.jpg,B
01218.jpg,B
05507.jpg,B
06030.jpg,B
01562.jpg,B
01013.jpg,B
00578.jpg,B
00378.jpg,B
05454.jpg,B
03058.jpg,B
06624.jpg,B
04165.jpg,B
04864.jpg,B
06798.jpg,B
02246.jpg,B
07433.jpg,C
03563.jpg,A
01038.jpg,B
06619.jpg,B
05165.jpg,B
06107.jpg,B
03207.jpg,C
02447.jpg,C
01779.jpg,B
03725.jpg,B
07377.jpg,B
04464.jpg,C
06302.jpg,B
06487.jpg,B
06860.jpg,B
05628.jpg,B
03107.jpg,B
06449.jpg,B
04572.jpg,B
05382.jpg,B
01470.jpg,B
02941.jpg,B
01495.jpg,B
05791.jpg,B
01805.jpg,B
05015.jpg,B
05490.jpg,B
06986.jpg,B
00802.jpg,B
02604.jpg,B
02888.jpg,C
05304.jpg,C
03484.jpg,B
00356.jpg,A
05346.jpg,B
05124.jpg,B
07048.jpg,B
04335.jpg,B
04442.jpg,C
01570.jpg,B
06447.jpg,B
04064.jpg,B
00559.jpg,B
03258.jpg,B
03264.jpg,B
00687.jpg,B
00815.jpg,B
04724.jpg,B
04374.jpg,B
00388.jpg,B
03948.jpg,B
00168.jpg,B
00279.jpg,C
02507.jpg,B
07340.jpg,B
05929.jpg,B
00286.jpg,B
03688.jpg,B
07426.jpg,B
07174.jpg,B
04415.jpg,B
00043.jpg,B
02502.jpg,B
04302.jpg,B
03963.jpg,B
04721.jpg,A
05175.jpg,C
06735.jpg,B
07947.jpg,B
06695.jpg,B
04808.jpg,B
04975.jpg,B
06337.jpg,B
04118.jpg,B
06702.jpg,C
00207.jpg,B
06965.jpg,B
01776.jpg,B
00858.jpg,B
04736.jpg,B
07183.jpg,B
00468.jpg,C
00156.jpg,B
03866.jpg,B
06562.jpg,B
05337.jpg,C
04138.jpg,B
07368.jpg,B
05461.jpg,B
06174.jpg,B
07259.jpg,B
02044.jpg,B
07552.jpg,B
02603.jpg,B
04013.jpg,B
01653.jpg,B
07331.jpg,B
06856.jpg,B
01217.jpg,B
03348.jpg,B
01208.jpg,B
03296.jpg,B
04541.jpg,C
05719.jpg,C
05484.jpg,B
03284.jpg,B
07578.jpg,B
04829.jpg,B
05693.jpg,B
04462.jpg,B
02263.jpg,B
04492.jpg,B
00413.jpg,A
05672.jpg,B
01787.jpg,C
04523.jpg,B
04466.jpg,B
06220.jpg,B
06788.jpg,B
07532.jpg,B
05549.jpg,B
01015.jpg,B
02839.jpg,B
07630.jpg,B
07606.jpg,B
02680.jpg,B
04389.jpg,B
07692.jpg,B
01822.jpg,B
01260.jpg,B
02969.jpg,B
03709.jpg,B
02172.jpg,B
05500.jpg,B
05234.jpg,B
00222.jpg,B
07246.jpg,B
05301.jpg,B
02645.jpg,B
01111.jpg,C
05902.jpg,B
00850.jpg,B
01895.jpg,B
07648.jpg,B
00182.jpg,B
04857.jpg,B
02683.jpg,B
00605.jpg,B
01116.jpg,B
02255.jpg,B
04555.jpg,C
07717.jpg,C
06248.jpg,B
07569.jpg,B
07410.jpg,B
00946.jpg,B
01573.jpg,B
07179.jpg,C
05049.jpg,B
04185.jpg,C
02746.jpg,B
07230.jpg,B
01795.jpg,B
06989.jpg,B
04820.jpg,B
00473.jpg,B
07040.jpg,B
03719.jpg,B
04757.jpg,B
05121.jpg,B
04983.jpg,B
04017.jpg,B
00185.jpg,B
05128.jpg,B
00186.jpg,B
07335.jpg,B
05334.jpg,B
06549.jpg,B
00220.jpg,B
01802.jpg,B
05655.jpg,B
05691.jpg,B
01005.jpg,B
04196.jpg,B
06144.jpg,B
03730.jpg,B
03749.jpg,B
01484.jpg,B
05211.jpg,B
01045.jpg,B
03036.jpg,B
02935.jpg,B
06102.jpg,B
07769.jpg,B
06453.jpg,B
05141.jpg,B
07938.jpg,B
05694.jpg,B
00787.jpg,B
00823.jpg,B
07945.jpg,B
01330.jpg,B
03053.jpg,A
03206.jpg,B
01453.jpg,C
05456.jpg,B
07423.jpg,C
02984.jpg,B
06376.jpg,B
03155.jpg,B
03166.jpg,B
03758.jpg,B
00386.jpg,B
05717.jpg,B
06532.jpg,B
06716.jpg,B
05220.jpg,B
04554.jpg,C
01373.jpg,B
02885.jpg,B
04435.jpg,B
07310.jpg,B
05815.jpg,B
04569.jpg,B
00451.jpg,B
04237.jpg,B
04475.jpg,B
02972.jpg,B
02389.jpg,B
02067.jpg,B
04591.jpg,B
06896.jpg,B
07743.jpg,B
05327.jpg,B
06351.jpg,B
01003.jpg,B
00389.jpg,B
07994.jpg,B
07662.jpg,B
01316.jpg,B
01623.jpg,B
06935.jpg,B
04962.jpg,B
04043.jpg,B
06655.jpg,B
03694.jpg,B
07362.jpg,B
06410.jpg,A
01610.jpg,B
05296.jpg,B
04186.jpg,B
07044.jpg,B
06267.jpg,B
02490.jpg,C
00120.jpg,B
04042.jpg,B
02488.jpg,B
06530.jpg,B
01620.jpg,C
03290.jpg,B
02814.jpg,B
06265.jpg,B
05398.jpg,B
06663.jpg,B
04157.jpg,B
03095.jpg,B
00083.jpg,B
05287.jpg,B
01852.jpg,C
03201.jpg,B
05918.jpg,B
06114.jpg,B
05255.jpg,B
04030.jpg,C
03355.jpg,C
06355.jpg,B
07064.jpg,B
05189.jpg,B
02719.jpg,B
04278.jpg,B
05427.jpg,B
00670.jpg,B
01326.jpg,B
07862.jpg,B
04620.jpg,B
04006.jpg,B
06148.jpg,C
07176.jpg,B
07863.jpg,C
07756.jpg,B
01102.jpg,B
07549.jpg,B
00860.jpg,B
07991.jpg,C
00028.jpg,B
05557.jpg,B
01219.jpg,B
00971.jpg,B
05243.jpg,B
05006.jpg,B
02102.jpg,B
00909.jpg,B
06971.jpg,B
04796.jpg,B
01464.jpg,B
06347.jpg,B
03537.jpg,C
05236.jpg,B
02771.jpg,B
03636.jpg,B
04755.jpg,B
04610.jpg,B
04392.jpg,B
06841.jpg,B
05206.jpg,B
04963.jpg,B
01858.jpg,B
05554.jpg,B
04710.jpg,B
07603.jpg,A
06208.jpg,B
04696.jpg,B
01681.jpg,B
00610.jpg,B
01830.jpg,B
05780.jpg,B
05749.jpg,B
07436.jpg,C
04726.jpg,B
00290.jpg,B
00429.jpg,C
00855.jpg,B
00303.jpg,B
04029.jpg,B
02150.jpg,B
06467.jpg,B
06099.jpg,C
00803.jpg,B
01344.jpg,B
01273.jpg,B
01437.jpg,B
05082.jpg,B
02112.jpg,B
07022.jpg,C
03695.jpg,B
06350.jpg,B
02539.jpg,B
00088.jpg,B
03350.jpg,B
00090.jpg,B
01481.jpg,B
03042.jpg,B
05400.jpg,B
02402.jpg,B
00503.jpg,B
01656.jpg,B
05604.jpg,B
06635.jpg,B
06903.jpg,B
01589.jpg,A
01422.jpg,B
01705.jpg,C
07949.jpg,B
05608.jpg,B
04396.jpg,B
02168.jpg,B
07383.jpg,B
00810.jpg,B
02326.jpg,B
04510.jpg,B
07371.jpg,B
02073.jpg,B
05235.jpg,B
00137.jpg,B
07288.jpg,B
05176.jpg,B
03347.jpg,B
02027.jpg,C
00835.jpg,B
06320.jpg,B
06933.jpg,B
06243.jpg,C
06280.jpg,B
05105.jpg,B
02596.jpg,B
02313.jpg,B
05753.jpg,B
06821.jpg,B
02773.jpg,B
07586.jpg,B
06872.jpg,B
06044.jpg,B
05526.jpg,C
01423.jpg,B
07169.jpg,B
04600.jpg,C
00464.jpg,B
00424.jpg,C
00612.jpg,B
06843.jpg,B
03353.jpg,C
01398.jpg,B
06729.jpg,B
06851.jpg,B
06672.jpg,B
06523.jpg,B
07758.jpg,B
03012.jpg,B
06673.jpg,B
07605.jpg,B
07376.jpg,B
00506.jpg,A
04855.jpg,B
04602.jpg,B
06158.jpg,B
03891.jpg,B
04144.jpg,B
07889.jpg,A
01075.jpg,B
04405.jpg,B
02552.jpg,B
06123.jpg,B
06270.jpg,B
05636.jpg,B
06594.jpg,C
06047.jpg,B
07218.jpg,B
00920.jpg,C
07943.jpg,B
02364.jpg,B
05045.jpg,B
02076.jpg,B
07666.jpg,B
07238.jpg,B
01531.jpg,B
00095.jpg,C
02724.jpg,C
02745.jpg,B
00948.jpg,B
03734.jpg,B
03601.jpg,B
03111.jpg,B
05804.jpg,C
04285.jpg,B
02423.jpg,B
04936.jpg,A
04479.jpg,B
00747.jpg,B
04470.jpg,B
04746.jpg,B
02760.jpg,B
03767.jpg,B
00430.jpg,B
06212.jpg,C
03086.jpg,B
02774.jpg,B
06300.jpg,B
02187.jpg,B
02738.jpg,B
06313.jpg,B
01944.jpg,B
01567.jpg,C
02676.jpg,B
03157.jpg,B
04369.jpg,B
07856.jpg,B
02506.jpg,B
02250.jpg,B
05209.jpg,B
01924.jpg,C
05739.jpg,B
01550.jpg,B
07972.jpg,B
04193.jpg,B
03573.jpg,B
03540.jpg,B
00138.jpg,B
02687.jpg,C
06110.jpg,B
05645.jpg,B
06109.jpg,B
01548.jpg,B
03398.jpg,B
03027.jpg,B
01097.jpg,B
04821.jpg,B
07997.jpg,B
00387.jpg,B
00441.jpg,C
03085.jpg,A
01761.jpg,B
03718.jpg,B
00293.jpg,B
01315.jpg,B
04658.jpg,C
02264.jpg,B
03931.jpg,B
05115.jpg,B
07935.jpg,B
03728.jpg,B
00507.jpg,B
02471.jpg,B
02213.jpg,B
06163.jpg,A
01339.jpg,B
07896.jpg,B
03149.jpg,B
06585.jpg,B
00639.jpg,B
02951.jpg,B
03370.jpg,B
05298.jpg,B
04363.jpg,B
06484.jpg,B
07912.jpg,B
01666.jpg,B
06575.jpg,B
05779.jpg,B
00034.jpg,B
06043.jpg,B
02173.jpg,B
00712.jpg,B
01069.jpg,B
06819.jpg,B
01500.jpg,B
07918.jpg,B
02847.jpg,B
00839.jpg,B
04637.jpg,B
05194.jpg,B
03016.jpg,B
03231.jpg,B
05532.jpg,B
04584.jpg,B
07497.jpg,B
02202.jpg,B
01158.jpg,C
03422.jpg,B
06750.jpg,B
00312.jpg,B
00782.jpg,B
01929.jpg,C
02768.jpg,B
03975.jpg,B
04690.jpg,B
07607.jpg,B
05060.jpg,C
01482.jpg,C
03242.jpg,B
06178.jpg,B
02398.jpg,C
04980.jpg,C
04163.jpg,A
02361.jpg,A
06569.jpg,B
06020.jpg,B
07776.jpg,C
01662.jpg,B
00505.jpg,B
01851.jpg,B
03359.jpg,B
00247.jpg,B
05981.jpg,B
00540.jpg,B
02737.jpg,B
02846.jpg,B
01076.jpg,C
04262.jpg,B
07975.jpg,B
02727.jpg,A
06179.jpg,A
01660.jpg,B
07355.jpg,B
05932.jpg,C
01456.jpg,C
04174.jpg,C
01041.jpg,C
05599.jpg,B
07922.jpg,B
00987.jpg,A
05086.jpg,C
05073.jpg,B
07823.jpg,B
07017.jpg,B
03088.jpg,B
03900.jpg,B
01172.jpg,B
05866.jpg,B
03073.jpg,C
01401.jpg,B
02278.jpg,B
02209.jpg,B
06709.jpg,C
03546.jpg,B
00533.jpg,B
07944.jpg,B
07888.jpg,B
04532.jpg,B
00035.jpg,B
03976.jpg,B
00545.jpg,B
02720.jpg,B
07061.jpg,B
06506.jpg,B
00788.jpg,B
02501.jpg,B
07962.jpg,B
01450.jpg,B
02907.jpg,C
02974.jpg,C
03133.jpg,B
05383.jpg,B
01635.jpg,B
05199.jpg,B
01010.jpg,B
00317.jpg,B
05766.jpg,C
03633.jpg,B
05856.jpg,C
04195.jpg,B
00216.jpg,B
07761.jpg,B
06077.jpg,B
01955.jpg,B
00239.jpg,B
02141.jpg,B
06352.jpg,B
05092.jpg,B
00314.jpg,B
02234.jpg,B
02227.jpg,C
05706.jpg,B
00724.jpg,B
03620.jpg,B
01849.jpg,B
01841.jpg,B
04798.jpg,C
03175.jpg,B
00011.jpg,B
04010.jpg,B
00841.jpg,B
02571.jpg,B
04681.jpg,B
01687.jpg,B
04101.jpg,B
05109.jpg,B
01277.jpg,B
06552.jpg,C
05440.jpg,B
06967.jpg,C
00962.jpg,C
03429.jpg,B
02298.jpg,B
04851.jpg,B
04379.jpg,B
01108.jpg,B
05380.jpg,B
04625.jpg,B
07020.jpg,B
00862.jpg,B
02138.jpg,B
02348.jpg,B
02515.jpg,B
06681.jpg,B
00114.jpg,A
05162.jpg,B
04686.jpg,B
04538.jpg,B
00255.jpg,B
04329.jpg,B
04877.jpg,B
03524.jpg,B
03214.jpg,B
02252.jpg,B
04630.jpg,B
03132.jpg,B
06550.jpg,B
04668.jpg,C
03520.jpg,C
00667.jpg,B
06498.jpg,C
01112.jpg,B
03018.jpg,B
03421.jpg,B
04868.jpg,C
06850.jpg,B
01963.jpg,B
03590.jpg,B
03489.jpg,B
02763.jpg,A
03279.jpg,C
06004.jpg,C
07150.jpg,B
01163.jpg,B
05332.jpg,B
03743.jpg,B
07078.jpg,B
00188.jpg,C
06336.jpg,B
00454.jpg,C
05583.jpg,B
04243.jpg,B
06766.jpg,B
00991.jpg,B
07508.jpg,B
07431.jpg,B
07738.jpg,B
07360.jpg,B
00524.jpg,C
04312.jpg,B
03756.jpg,B
07592.jpg,B
07992.jpg,B
06252.jpg,B
07854.jpg,B
05351.jpg,B
03989.jpg,B
01799.jpg,B
03648.jpg,B
00530.jpg,B
07915.jpg,B
03131.jpg,B
03867.jpg,B
00501.jpg,B
02075.jpg,C
06400.jpg,C
06700.jpg,B
04370.jpg,C
07057.jpg,C
03550.jpg,B
