04108.jpg,C
03703.jpg,B
06214.jpg,A
07891.jpg,B
04314.jpg,C
00459.jpg,C
04156.jpg,C
03535.jpg,B
02329.jpg,C
00704.jpg,C
01576.jpg,B
06584.jpg,A
05658.jpg,C
00408.jpg,C
04993.jpg,C
02625.jpg,B
05880.jpg,C
01877.jpg,C
02390.jpg,C
05627.jpg,C
00434.jpg,C
03557.jpg,C
06235.jpg,B
00405.jpg,B
05013.jpg,C
00736.jpg,A
02865.jpg,C
01999.jpg,A
03943.jpg,A
04856.jpg,B
01590.jpg,B
06251.jpg,C
02328.jpg,A
07907.jpg,C
02237.jpg,A
05280.jpg,A
06070.jpg,C
07719.jpg,C
00681.jpg,B
03205.jpg,A
02028.jpg,B
04834.jpg,C
00565.jpg,C
02011.jpg,C
05945.jpg,C
01698.jpg,A
07363.jpg,C
05616.jpg,C
07977.jpg,C
01409.jpg,C
01135.jpg,C
05041.jpg,A
00437.jpg,C
05442.jpg,C
06234.jpg,C
02904.jpg,B
05928.jpg,A
02529.jpg,A
04275.jpg,C
00419.jpg,C
02940.jpg,B
04741.jpg,C
05207.jpg,A
06272.jpg,C
00696.jpg,B
04628.jpg,C
04551.jpg,B
05727.jpg,C
02811.jpg,B
00476.jpg,B
05055.jpg,C
00931.jpg,A
05893.jpg,A
01124.jpg,B
03479.jpg,C
02365.jpg,B
00278.jpg,C
03109.jpg,A
05047.jpg,A
07842.jpg,C
06577.jpg,B
03774.jpg,C
02721.jpg,C
01447.jpg,C
01488.jpg,C
00270.jpg,A
01505.jpg,B
06671.jpg,A
03392.jpg,B
06442.jpg,C
04166.jpg,A
05839.jpg,B
06371.jpg,C
01092.jpg,B
00066.jpg,A
00469.jpg,A
04871.jpg,B
03183.jpg,C
04128.jpg,C
03186.jpg,A
02909.jpg,A
01692.jpg,C
00074.jpg,C
02706.jpg,C
07654.jpg,C
03959.jpg,C
01206.jpg,A
07420.jpg,C
00001.jpg,C
02618.jpg,B
07033.jpg,B
01064.jpg,A
00124.jpg,C
04622.jpg,C
04365.jpg,C
00025.jpg,C
07452.jpg,B
01873.jpg,C
02953.jpg,B
07869.jpg,C
03123.jpg,A
04155.jpg,A
00949.jpg,C
01939.jpg,C
02376.jpg,A
02626.jpg,C
02722.jpg,C
01248.jpg,C
06683.jpg,C
01991.jpg,A
06514.jpg,C
07132.jpg,C
06966.jpg,C
00332.jpg,C
03829.jpg,C
07425.jpg,A
04376.jpg,C
05987.jpg,A
00288.jpg,A
04940.jpg,C
06645.jpg,A
03306.jpg,A
07693.jpg,C
03958.jpg,A
03570.jpg,C
01474.jpg,A
06533.jpg,A
06395.jpg,B
07837.jpg,C
05319.jpg,C
03770.jpg,A
03632.jpg,A
02277.jpg,B
03544.jpg,C
06793.jpg,A
07396.jpg,A
01049.jpg,C
05017.jpg,C
04352.jpg,A
03374.jpg,C
04689.jpg,A
07759.jpg,A
04903.jpg,B
00221.jpg,C
06703.jpg,C
05419.jpg,C
03712.jpg,A
05919.jpg,A
04274.jpg,C
03575.jpg,A
00795.jpg,A
03810.jpg,A
06452.jpg,A
00891.jpg,B
00257.jpg,B
07102.jpg,C
02260.jpg,C
07411.jpg,C
03649.jpg,A
04556.jpg,A
05966.jpg,C
03480.jpg,C
01200.jpg,B
06478.jpg,C
03052.jpg,B
05425.jpg,A
02979.jpg,C
05977.jpg,B
01369.jpg,B
01008.jpg,C
01806.jpg,B
02003.jpg,A
05558.jpg,C
04112.jpg,C
07225.jpg,C
01922.jpg,A
07096.jpg,C
03508.jpg,C
02923.jpg,C
02257.jpg,B
04080.jpg,C
06698.jpg,C
07721.jpg,B
05510.jpg,C
05901.jpg,C
07384.jpg,A
06382.jpg,C
04025.jpg,C
04629.jpg,B
06329.jpg,C
02019.jpg,C
03689.jpg,A
04942.jpg,C
02089.jpg,C
03038.jpg,C
00042.jpg,A
02512.jpg,B
02175.jpg,A
06089.jpg,B
00551.jpg,C
06493.jpg,C
05470.jpg,C
04172.jpg,A
06961.jpg,C
04524.jpg,C
04248.jpg,C
02583.jpg,C
01134.jpg,C
04403.jpg,C
05170.jpg,B
00438.jpg,B
01204.jpg,A
01993.jpg,C
06546.jpg,A
02271.jpg,C
00146.jpg,C
00135.jpg,A
00550.jpg,B
01655.jpg,B
03447.jpg,B
04142.jpg,A
07524.jpg,A
02110.jpg,B
07234.jpg,A
00821.jpg,A
04967.jpg,C
02556.jpg,B
04685.jpg,C
07671.jpg,A
02331.jpg,A
05651.jpg,C
03274.jpg,B
03714.jpg,C
01235.jpg,A
05533.jpg,C
02347.jpg,C
03254.jpg,C
03408.jpg,A
07281.jpg,A
04494.jpg,A
01738.jpg,A
01621.jpg,A
03397.jpg,C
02126.jpg,C
03000.jpg,B
03403.jpg,A
07203.jpg,C
02337.jpg,B
05937.jpg,A
01817.jpg,C
01693.jpg,C
02078.jpg,B
05116.jpg,A
03122.jpg,B
05897.jpg,C
06354.jpg,A
03980.jpg,C
02430.jpg,B
04124.jpg,A
04939.jpg,B
01615.jpg,B
03188.jpg,C
05712.jpg,C
00241.jpg,C
07006.jpg,C
06759.jpg,C
03523.jpg,C
01063.jpg,C
00592.jpg,A
06373.jpg,C
01056.jpg,C
00534.jpg,C
07135.jpg,B
00489.jpg,C
03797.jpg,C
04034.jpg,C
06443.jpg,B
06130.jpg,C
02562.jpg,C
01755.jpg,A
00098.jpg,A
03913.jpg,B
04797.jpg,C
07151.jpg,B
05184.jpg,C
07136.jpg,C
07261.jpg,A
02452.jpg,A
00237.jpg,B
05708.jpg,C
01503.jpg,C
04145.jpg,B
03982.jpg,B
03475.jpg,B
06374.jpg,C
00159.jpg,C
01842.jpg,B
07304.jpg,C
02883.jpg,C
02820.jpg,B
01439.jpg,C
02032.jpg,B
06567.jpg,A
04280.jpg,C
03357.jpg,A
00864.jpg,C
07714.jpg,C
02646.jpg,A
00684.jpg,A
05999.jpg,A
06705.jpg,B
01174.jpg,C
04375.jpg,C
06976.jpg,A
05366.jpg,B
05096.jpg,C
00333.jpg,B
01775.jpg,C
01750.jpg,A
05090.jpg,A
04836.jpg,A
01535.jpg,A
05664.jpg,A
04260.jpg,C
07610.jpg,A
03030.jpg,C
05543.jpg,A
04428.jpg,A
01683.jpg,C
01537.jpg,C
01282.jpg,B
02910.jpg,C
06215.jpg,A
06268.jpg,A
01029.jpg,A
01020.jpg,C
01375.jpg,C
01671.jpg,C
02254.jpg,B
07079.jpg,C
03747.jpg,C
01448.jpg,C
04493.jpg,B
06898.jpg,A
04207.jpg,C
02568.jpg,B
00383.jpg,C
00980.jpg,A
07055.jpg,C
05991.jpg,C
06580.jpg,A
01294.jpg,B
01088.jpg,C
07199.jpg,A
05016.jpg,C
00284.jpg,C
01722.jpg,B
00631.jpg,A
00169.jpg,C
04826.jpg,C
02879.jpg,C
03271.jpg,C
04897.jpg,A
02734.jpg,C
02955.jpg,B
04421.jpg,A
01862.jpg,C
06273.jpg,A
03164.jpg,C
03171.jpg,B
00836.jpg,C
07955.jpg,C
01184.jpg,C
01380.jpg,C
03427.jpg,A
06152.jpg,C
04044.jpg,B
04079.jpg,B
06741.jpg,B
01524.jpg,A
00347.jpg,C
07794.jpg,A
06848.jpg,C
00690.jpg,A
05832.jpg,C
05997.jpg,C
06393.jpg,A
06098.jpg,B
06101.jpg,A
02381.jpg,C
02872.jpg,C
07322.jpg,A
00847.jpg,A
02658.jpg,C
01223.jpg,A
01079.jpg,B
01259.jpg,C
06832.jpg,C
06922.jpg,A
06689.jpg,C
02810.jpg,C
05728.jpg,C
07591.jpg,C
05355.jpg,A
03483.jpg,C
02043.jpg,C
01107.jpg,A
04326.jpg,A
07727.jpg,C
02445.jpg,A
00666.jpg,C
03394.jpg,A
04662.jpg,C
02730.jpg,C
02750.jpg,C
07573.jpg,A
03277.jpg,B
07971.jpg,C
02701.jpg,C
02521.jpg,C
00624.jpg,C
04589.jpg,C
07330.jpg,C
04893.jpg,A
01115.jpg,C
01498.jpg,C
04905.jpg,C
03515.jpg,C
06345.jpg,B
07325.jpg,C
07080.jpg,C
00499.jpg,C
06861.jpg,C
05378.jpg,C
02186.jpg,A
04303.jpg,A
04968.jpg,C
02040.jpg,C
06383.jpg,C
00334.jpg,A
01973.jpg,C
04086.jpg,C
05223.jpg,C
04807.jpg,C
02312.jpg,C
00450.jpg,B
02091.jpg,C
06100.jpg,B
07857.jpg,A
01169.jpg,A
04976.jpg,A
00482.jpg,C
07083.jpg,C
04264.jpg,C
00357.jpg,A
05208.jpg,B
00016.jpg,A
04476.jpg,C
06328.jpg,C
06790.jpg,C
06028.jpg,C
05146.jpg,A
04072.jpg,A
01090.jpg,C
06057.jpg,C
02611.jpg,B
02374.jpg,B
00508.jpg,C
01956.jpg,C
04331.jpg,A
06298.jpg,C
04240.jpg,B
01188.jpg,C
07880.jpg,C
04776.jpg,C
05000.jpg,C
02775.jpg,A
05908.jpg,B
06637.jpg,A
04694.jpg,A
02542.jpg,C
01120.jpg,A
00502.jpg,C
04748.jpg,C
01175.jpg,B
03676.jpg,C
04310.jpg,C
02533.jpg,B
03606.jpg,A
06561.jpg,B
00483.jpg,C
04803.jpg,A
04956.jpg,C
03629.jpg,A
01311.jpg,B
00993.jpg,A
05265.jpg,B
03410.jpg,C
07213.jpg,B
07808.jpg,A
03365.jpg,A
04985.jpg,A
06250.jpg,A
01213.jpg,A
02373.jpg,C
02525.jpg,C
05326.jpg,B
00238.jpg,A
01673.jpg,A
02563.jpg,C
07832.jpg,C
01751.jpg,A
07186.jpg,B
01769.jpg,C
00784.jpg,B
01477.jpg,A
07345.jpg,B
07652.jpg,C
05851.jpg,C
06512.jpg,A
00196.jpg,C
04785.jpg,C
03651.jpg,C
07540.jpg,B
03833.jpg,A
00106.jpg,C
05061.jpg,A
04105.jpg,C
03179.jpg,C
06494.jpg,A
07959.jpg,A
05917.jpg,C
06502.jpg,C
07350.jpg,B
00647.jpg,A
05039.jpg,C
06524.jpg,B
03851.jpg,C
02496.jpg,C
00339.jpg,B
02957.jpg,C
00337.jpg,C
03613.jpg,A
00582.jpg,B
02915.jpg,B
06768.jpg,C
07514.jpg,C
06286.jpg,C
04068.jpg,C
04133.jpg,A
00262.jpg,A
03460.jpg,C
05705.jpg,C
05831.jpg,C
03448.jpg,B
03495.jpg,C
03378.jpg,C
07778.jpg,A
03530.jpg,C
03089.jpg,B
06618.jpg,C
06923.jpg,A
00981.jpg,C
02015.jpg,C
00910.jpg,B
04661.jpg,C
04036.jpg,C
05068.jpg,B
00750.jpg,C
03366.jpg,C
06459.jpg,B
03087.jpg,C
07619.jpg,A
02288.jpg,A
03292.jpg,B
07211.jpg,A
00155.jpg,C
02320.jpg,B
07387.jpg,C
05465.jpg,A
03864.jpg,A
01989.jpg,A
07075.jpg,B
06909.jpg,C
07709.jpg,C
06908.jpg,C
06817.jpg,B
07726.jpg,A
07779.jpg,A
03930.jpg,C
06809.jpg,C
05453.jpg,C
07872.jpg,A
00983.jpg,C
05097.jpg,B
05088.jpg,A
01251.jpg,C
05931.jpg,C
05329.jpg,B
01061.jpg,B
06831.jpg,C
07544.jpg,B
04545.jpg,C
01652.jpg,B
02505.jpg,A
06021.jpg,A
07770.jpg,C
05135.jpg,C
04537.jpg,A
00006.jpg,A
01772.jpg,C
00921.jpg,C
05737.jpg,C
00173.jpg,A
00512.jpg,C
05887.jpg,C
00046.jpg,A
04916.jpg,B
00079.jpg,C
00327.jpg,C
01828.jpg,C
05883.jpg,A
01390.jpg,B
07757.jpg,C
06342.jpg,A
01859.jpg,C
03953.jpg,A
03663.jpg,C
04520.jpg,A
05670.jpg,C
03863.jpg,C
06640.jpg,C
03904.jpg,C
02632.jpg,B
06445.jpg,B
04022.jpg,C
02351.jpg,C
04641.jpg,A
00826.jpg,A
05182.jpg,A
02436.jpg,C
01048.jpg,C
02016.jpg,B
01197.jpg,C
03646.jpg,C
01605.jpg,A
03745.jpg,A
03576.jpg,C
01228.jpg,C
06806.jpg,A
06308.jpg,B
06262.jpg,C
06385.jpg,C
00353.jpg,C
07127.jpg,C
06583.jpg,C
00343.jpg,B
07025.jpg,C
01483.jpg,A
04338.jpg,B
04507.jpg,A
00250.jpg,C
02385.jpg,C
06015.jpg,C
04201.jpg,A
05215.jpg,A
06244.jpg,C
03478.jpg,C
02058.jpg,B
06973.jpg,C
06977.jpg,C
07453.jpg,B
07478.jpg,B
06054.jpg,C
00258.jpg,A
01230.jpg,C
00643.jpg,A
06432.jpg,C
07733.jpg,A
05521.jpg,B
00515.jpg,C
05377.jpg,C
04239.jpg,C
03554.jpg,B
04418.jpg,A
01523.jpg,B
03800.jpg,C
06921.jpg,B
07085.jpg,A
06581.jpg,B
00725.jpg,B
00890.jpg,A
01980.jpg,B
04383.jpg,C
05764.jpg,B
07793.jpg,C
03465.jpg,C
03548.jpg,C
06157.jpg,C
04702.jpg,B
00277.jpg,C
00642.jpg,C
01123.jpg,A
02332.jpg,C
05142.jpg,C
05579.jpg,C
07314.jpg,C
03793.jpg,B
06293.jpg,A
06927.jpg,C
01565.jpg,C
07066.jpg,C
04426.jpg,C
00773.jpg,A
01942.jpg,C
02622.jpg,B
01352.jpg,A
06346.jpg,A
01137.jpg,A
00520.jpg,C
04886.jpg,B
03961.jpg,B
01521.jpg,C
02113.jpg,C
05196.jpg,C
04786.jpg,B
04652.jpg,C
05117.jpg,C
06744.jpg,C
05984.jpg,C
05947.jpg,A
04051.jpg,C
02068.jpg,B
06147.jpg,B
05720.jpg,C
05807.jpg,C
03446.jpg,C
02593.jpg,B
05308.jpg,A
00814.jpg,C
00264.jpg,C
02462.jpg,C
02845.jpg,C
04001.jpg,C
07167.jpg,C
07454.jpg,C
05363.jpg,A
05397.jpg,A
01485.jpg,A
05070.jpg,C
06899.jpg,A
05817.jpg,B
05758.jpg,A
05112.jpg,B
04901.jpg,A
03981.jpg,C
04759.jpg,A
04892.jpg,A
03266.jpg,C
04700.jpg,B
07674.jpg,C
00276.jpg,C
04954.jpg,C
02212.jpg,A
03419.jpg,C
03531.jpg,C
02929.jpg,C
00797.jpg,B
02946.jpg,C
05709.jpg,A
05809.jpg,A
04973.jpg,A
01700.jpg,A
02992.jpg,B
01444.jpg,C
03204.jpg,C
01679.jpg,A
02600.jpg,A
01694.jpg,A
00496.jpg,C
04530.jpg,C
00822.jpg,A
07929.jpg,B
00740.jpg,C
03063.jpg,B
03221.jpg,B
04327.jpg,B
00937.jpg,C
00151.jpg,C
05274.jpg,C
07273.jpg,A
07209.jpg,C
01894.jpg,C
03644.jpg,C
07576.jpg,B
00939.jpg,A
04701.jpg,A
03413.jpg,B
00947.jpg,A
00804.jpg,B
05007.jpg,C
07134.jpg,C
05637.jpg,C
02736.jpg,C
02740.jpg,C
02095.jpg,A
01152.jpg,C
05620.jpg,C
04226.jpg,A
07367.jpg,C
03586.jpg,B
06926.jpg,A
05174.jpg,A
04924.jpg,C
01349.jpg,C
07465.jpg,C
01348.jpg,C
06789.jpg,C
04052.jpg,A
00720.jpg,B
05895.jpg,A
02854.jpg,B
06095.jpg,C
00824.jpg,A
03222.jpg,A
07318.jpg,A
06408.jpg,C
04938.jpg,C
02920.jpg,C
01512.jpg,C
03727.jpg,C
03880.jpg,B
02692.jpg,B
01864.jpg,B
05225.jpg,C
02136.jpg,C
01218.jpg,C
05507.jpg,C
06030.jpg,C
01562.jpg,A
01013.jpg,B
00578.jpg,A
00378.jpg,C
05454.jpg,B
03058.jpg,A
06624.jpg,A
04165.jpg,C
04864.jpg,A
06798.jpg,A
02246.jpg,C
07433.jpg,C
03563.jpg,A
01038.jpg,A
06619.jpg,B
05165.jpg,A
06107.jpg,C
03207.jpg,C
02447.jpg,C
01779.jpg,A
03725.jpg,C
07377.jpg,C
04464.jpg,C
06302.jpg,A
06487.jpg,C
06860.jpg,C
05628.jpg,C
03107.jpg,B
06449.jpg,C
04572.jpg,B
05382.jpg,C
01470.jpg,C
02941.jpg,C
01495.jpg,A
05791.jpg,C
01805.jpg,C
05015.jpg,A
05490.jpg,C
06986.jpg,C
00802.jpg,B
02604.jpg,C
02888.jpg,C
05304.jpg,C
03484.jpg,C
00356.jpg,A
05346.jpg,A
05124.jpg,C
07048.jpg,A
04335.jpg,B
04442.jpg,C
01570.jpg,C
06447.jpg,C
04064.jpg,A
00559.jpg,B
03258.jpg,A
03264.jpg,A
00687.jpg,B
00815.jpg,A
04724.jpg,A
04374.jpg,C
00388.jpg,C
03948.jpg,A
00168.jpg,B
00279.jpg,C
02507.jpg,C
07340.jpg,C
05929.jpg,C
00286.jpg,A
03688.jpg,B
07426.jpg,B
07174.jpg,A
04415.jpg,C
00043.jpg,A
02502.jpg,C
04302.jpg,C
03963.jpg,C
04721.jpg,A
05175.jpg,C
06735.jpg,A
07947.jpg,C
06695.jpg,A
04808.jpg,B
04975.jpg,A
06337.jpg,C
04118.jpg,A
06702.jpg,C
00207.jpg,A
06965.jpg,A
01776.jpg,A
00858.jpg,C
04736.jpg,C
07183.jpg,A
00468.jpg,C
00156.jpg,C
03866.jpg,B
06562.jpg,B
05337.jpg,C
04138.jpg,C
07368.jpg,B
05461.jpg,C
06174.jpg,C
07259.jpg,A
02044.jpg,A
07552.jpg,A
02603.jpg,B
04013.jpg,B
01653.jpg,A
07331.jpg,A
06856.jpg,A
01217.jpg,C
03348.jpg,B
01208.jpg,C
03296.jpg,C
04541.jpg,A
05719.jpg,C
05484.jpg,C
03284.jpg,C
07578.jpg,C
04829.jpg,C
05693.jpg,B
04462.jpg,A
02263.jpg,C
04492.jpg,C
00413.jpg,A
05672.jpg,C
01787.jpg,C
04523.jpg,C
04466.jpg,C
06220.jpg,C
06788.jpg,B
07532.jpg,B
05549.jpg,B
01015.jpg,C
02839.jpg,B
07630.jpg,A
07606.jpg,A
02680.jpg,C
04389.jpg,C
07692.jpg,C
01822.jpg,A
01260.jpg,A
02969.jpg,C
03709.jpg,B
02172.jpg,C
05500.jpg,C
05234.jpg,B
00222.jpg,B
07246.jpg,A
05301.jpg,C
02645.jpg,A
01111.jpg,C
05902.jpg,A
00850.jpg,C
01895.jpg,A
07648.jpg,B
00182.jpg,A
04857.jpg,C
02683.jpg,A
00605.jpg,B
01116.jpg,B
02255.jpg,B
04555.jpg,C
07717.jpg,C
06248.jpg,A
07569.jpg,A
07410.jpg,C
00946.jpg,C
01573.jpg,C
07179.jpg,C
05049.jpg,B
04185.jpg,C
02746.jpg,B
07230.jpg,C
01795.jpg,B
06989.jpg,A
04820.jpg,A
00473.jpg,B
07040.jpg,A
03719.jpg,C
04757.jpg,C
05121.jpg,C
04983.jpg,C
04017.jpg,B
00185.jpg,B
05128.jpg,A
00186.jpg,B
07335.jpg,B
05334.jpg,C
06549.jpg,C
00220.jpg,C
01802.jpg,C
05655.jpg,C
05691.jpg,B
01005.jpg,C
04196.jpg,A
06144.jpg,C
03730.jpg,C
03749.jpg,A
01484.jpg,A
05211.jpg,A
01045.jpg,A
03036.jpg,C
02935.jpg,C
06102.jpg,C
07769.jpg,C
06453.jpg,B
05141.jpg,A
07938.jpg,B
05694.jpg,C
00787.jpg,A
00823.jpg,A
07945.jpg,B
01330.jpg,A
03053.jpg,C
03206.jpg,C
01453.jpg,C
05456.jpg,C
07423.jpg,C
02984.jpg,C
06376.jpg,A
03155.jpg,C
03166.jpg,A
03758.jpg,A
00386.jpg,B
05717.jpg,A
06532.jpg,C
06716.jpg,C
05220.jpg,A
04554.jpg,C
01373.jpg,C
02885.jpg,A
04435.jpg,C
07310.jpg,B
05815.jpg,C
04569.jpg,C
00451.jpg,C
04237.jpg,C
04475.jpg,C
02972.jpg,C
02389.jpg,B
02067.jpg,B
04591.jpg,C
06896.jpg,B
07743.jpg,A
05327.jpg,B
06351.jpg,B
01003.jpg,C
00389.jpg,B
07994.jpg,C
07662.jpg,B
01316.jpg,A
01623.jpg,B
06935.jpg,C
04962.jpg,A
04043.jpg,C
06655.jpg,C
03694.jpg,C
07362.jpg,A
06410.jpg,A
01610.jpg,B
05296.jpg,B
04186.jpg,C
07044.jpg,A
06267.jpg,C
02490.jpg,C
00120.jpg,A
04042.jpg,A
02488.jpg,B
06530.jpg,B
01620.jpg,C
03290.jpg,A
02814.jpg,C
06265.jpg,B
05398.jpg,A
06663.jpg,B
04157.jpg,C
03095.jpg,B
00083.jpg,C
05287.jpg,B
01852.jpg,C
03201.jpg,A
05918.jpg,C
06114.jpg,B
05255.jpg,C
04030.jpg,C
03355.jpg,C
06355.jpg,B
07064.jpg,B
05189.jpg,B
02719.jpg,A
04278.jpg,B
05427.jpg,C
00670.jpg,B
01326.jpg,B
07862.jpg,A
04620.jpg,C
04006.jpg,C
06148.jpg,B
07176.jpg,B
07863.jpg,C
07756.jpg,C
01102.jpg,A
07549.jpg,B
00860.jpg,B
07991.jpg,C
00028.jpg,C
05557.jpg,A
01219.jpg,B
00971.jpg,B
05243.jpg,C
05006.jpg,C
02102.jpg,B
00909.jpg,A
06971.jpg,C
04796.jpg,A
01464.jpg,A
06347.jpg,C
03537.jpg,C
05236.jpg,B
02771.jpg,B
03636.jpg,B
04755.jpg,A
04610.jpg,C
04392.jpg,A
06841.jpg,C
05206.jpg,C
04963.jpg,C
01858.jpg,C
05554.jpg,B
04710.jpg,A
07603.jpg,A
06208.jpg,B
04696.jpg,C
01681.jpg,B
00610.jpg,B
01830.jpg,B
05780.jpg,C
05749.jpg,A
07436.jpg,C
04726.jpg,C
00290.jpg,C
00429.jpg,C
00855.jpg,C
00303.jpg,C
04029.jpg,C
02150.jpg,A
06467.jpg,A
06099.jpg,C
00803.jpg,C
01344.jpg,A
01273.jpg,C
01437.jpg,C
05082.jpg,A
02112.jpg,C
07022.jpg,C
03695.jpg,B
06350.jpg,C
02539.jpg,B
00088.jpg,C
03350.jpg,B
00090.jpg,A
01481.jpg,A
03042.jpg,B
05400.jpg,A
02402.jpg,A
00503.jpg,C
01656.jpg,C
05604.jpg,A
06635.jpg,B
06903.jpg,A
01589.jpg,B
01422.jpg,B
01705.jpg,C
07949.jpg,C
05608.jpg,B
04396.jpg,C
02168.jpg,C
07383.jpg,A
00810.jpg,A
02326.jpg,A
04510.jpg,B
07371.jpg,A
02073.jpg,B
05235.jpg,B
00137.jpg,A
07288.jpg,C
05176.jpg,C
03347.jpg,A
02027.jpg,C
00835.jpg,A
06320.jpg,C
06933.jpg,B
06243.jpg,C
06280.jpg,B
05105.jpg,B
02596.jpg,C
02313.jpg,A
05753.jpg,C
06821.jpg,C
02773.jpg,C
07586.jpg,C
06872.jpg,A
06044.jpg,A
05526.jpg,C
01423.jpg,A
07169.jpg,C
04600.jpg,C
00464.jpg,C
00424.jpg,C
00612.jpg,C
06843.jpg,B
03353.jpg,C
01398.jpg,C
06729.jpg,B
06851.jpg,C
06672.jpg,C
06523.jpg,A
07758.jpg,C
03012.jpg,C
06673.jpg,C
07605.jpg,A
07376.jpg,B
00506.jpg,A
04855.jpg,B
04602.jpg,A
06158.jpg,A
03891.jpg,C
04144.jpg,A
07889.jpg,A
01075.jpg,B
04405.jpg,A
02552.jpg,A
06123.jpg,C
06270.jpg,B
05636.jpg,B
06594.jpg,C
06047.jpg,A
07218.jpg,A
00920.jpg,C
07943.jpg,A
02364.jpg,C
05045.jpg,C
02076.jpg,A
07666.jpg,A
07238.jpg,A
01531.jpg,C
00095.jpg,C
02724.jpg,C
02745.jpg,C
00948.jpg,C
03734.jpg,C
03601.jpg,B
03111.jpg,C
05804.jpg,C
04285.jpg,A
02423.jpg,B
04936.jpg,A
04479.jpg,C
00747.jpg,A
04470.jpg,A
04746.jpg,C
02760.jpg,C
03767.jpg,C
00430.jpg,A
06212.jpg,C
03086.jpg,C
02774.jpg,A
06300.jpg,A
02187.jpg,B
02738.jpg,A
06313.jpg,B
01944.jpg,C
01567.jpg,C
02676.jpg,A
03157.jpg,A
04369.jpg,A
07856.jpg,B
02506.jpg,B
02250.jpg,C
05209.jpg,B
01924.jpg,C
05739.jpg,C
01550.jpg,A
07972.jpg,A
04193.jpg,C
03573.jpg,C
03540.jpg,C
00138.jpg,A
02687.jpg,C
06110.jpg,C
05645.jpg,C
06109.jpg,B
01548.jpg,B
03398.jpg,A
03027.jpg,B
01097.jpg,C
04821.jpg,B
07997.jpg,C
00387.jpg,B
00441.jpg,C
03085.jpg,C
01761.jpg,C
03718.jpg,C
00293.jpg,B
01315.jpg,A
04658.jpg,C
02264.jpg,C
03931.jpg,A
05115.jpg,B
07935.jpg,C
03728.jpg,A
00507.jpg,B
02471.jpg,C
02213.jpg,A
06163.jpg,A
01339.jpg,A
07896.jpg,B
03149.jpg,A
06585.jpg,C
00639.jpg,B
02951.jpg,C
03370.jpg,C
05298.jpg,B
04363.jpg,B
06484.jpg,A
07912.jpg,B
01666.jpg,A
06575.jpg,A
05779.jpg,C
00034.jpg,C
06043.jpg,C
02173.jpg,C
00712.jpg,A
01069.jpg,A
06819.jpg,B
01500.jpg,B
07918.jpg,A
02847.jpg,A
00839.jpg,A
04637.jpg,C
05194.jpg,B
03016.jpg,B
03231.jpg,C
05532.jpg,C
04584.jpg,C
07497.jpg,C
02202.jpg,C
01158.jpg,C
03422.jpg,C
06750.jpg,C
00312.jpg,B
00782.jpg,B
01929.jpg,C
02768.jpg,B
03975.jpg,C
04690.jpg,C
07607.jpg,C
05060.jpg,C
01482.jpg,C
03242.jpg,B
06178.jpg,C
02398.jpg,C
04980.jpg,A
04163.jpg,A
02361.jpg,A
06569.jpg,C
06020.jpg,A
07776.jpg,C
01662.jpg,B
00505.jpg,A
01851.jpg,C
03359.jpg,C
00247.jpg,B
05981.jpg,C
00540.jpg,C
02737.jpg,A
02846.jpg,B
01076.jpg,C
04262.jpg,B
07975.jpg,A
02727.jpg,A
06179.jpg,A
01660.jpg,C
07355.jpg,C
05932.jpg,C
01456.jpg,C
04174.jpg,C
01041.jpg,C
05599.jpg,C
07922.jpg,C
00987.jpg,A
05086.jpg,C
05073.jpg,A
07823.jpg,C
07017.jpg,B
03088.jpg,A
03900.jpg,C
01172.jpg,B
05866.jpg,A
03073.jpg,C
01401.jpg,A
02278.jpg,A
02209.jpg,C
06709.jpg,C
03546.jpg,C
00533.jpg,C
07944.jpg,A
07888.jpg,C
04532.jpg,A
00035.jpg,B
03976.jpg,A
00545.jpg,C
02720.jpg,B
07061.jpg,C
06506.jpg,C
00788.jpg,A
02501.jpg,B
07962.jpg,B
01450.jpg,C
02907.jpg,A
02974.jpg,C
03133.jpg,B
05383.jpg,A
01635.jpg,B
05199.jpg,A
01010.jpg,C
00317.jpg,A
05766.jpg,C
03633.jpg,C
05856.jpg,C
04195.jpg,C
00216.jpg,B
07761.jpg,C
06077.jpg,C
01955.jpg,C
00239.jpg,C
02141.jpg,A
06352.jpg,B
05092.jpg,A
00314.jpg,C
02234.jpg,C
02227.jpg,C
05706.jpg,A
00724.jpg,A
03620.jpg,A
01849.jpg,C
01841.jpg,B
04798.jpg,C
03175.jpg,B
00011.jpg,B
04010.jpg,C
00841.jpg,A
02571.jpg,A
04681.jpg,C
01687.jpg,C
04101.jpg,A
05109.jpg,A
01277.jpg,A
06552.jpg,C
05440.jpg,C
06967.jpg,C
00962.jpg,C
03429.jpg,C
02298.jpg,C
04851.jpg,A
04379.jpg,B
01108.jpg,A
05380.jpg,A
04625.jpg,B
07020.jpg,C
00862.jpg,A
02138.jpg,A
02348.jpg,C
02515.jpg,B
06681.jpg,C
00114.jpg,B
05162.jpg,C
04686.jpg,C
04538.jpg,B
00255.jpg,B
04329.jpg,B
04877.jpg,C
03524.jpg,C
03214.jpg,C
02252.jpg,C
04630.jpg,B
03132.jpg,A
06550.jpg,C
04668.jpg,C
03520.jpg,C
00667.jpg,C
06498.jpg,C
01112.jpg,A
03018.jpg,C
03421.jpg,A
04868.jpg,C
06850.jpg,A
01963.jpg,C
03590.jpg,C
03489.jpg,B
02763.jpg,A
03279.jpg,C
06004.jpg,C
07150.jpg,B
01163.jpg,B
05332.jpg,A
03743.jpg,B
07078.jpg,C
00188.jpg,C
06336.jpg,B
00454.jpg,C
05583.jpg,B
04243.jpg,C
06766.jpg,B
00991.jpg,C
07508.jpg,C
07431.jpg,A
07738.jpg,C
07360.jpg,C
00524.jpg,C
04312.jpg,A
03756.jpg,C
07592.jpg,A
07992.jpg,A
06252.jpg,B
07854.jpg,B
05351.jpg,C
03989.jpg,C
01799.jpg,C
03648.jpg,B
00530.jpg,A
07915.jpg,B
03131.jpg,C
03867.jpg,A
00501.jpg,C
02075.jpg,B
06400.jpg,C
06700.jpg,A
04370.jpg,C
07057.jpg,C
03550.jpg,C
